ds,Real Price,Train 10 days,Train 5 days,Train 15 days,Train 20 days,Train 25 days,Diff Fine,Diff Large
2025-02-21 09:01:59.999,2750.0,2752.4248,2751.1628,2753.2664,2753.0603,2752.0657,2.4248046875,3.060302734375
2025-02-21 09:02:59.999,2752.7,2752.9133,2751.4844,2753.4033,2753.6719,2751.9177,0.2133300781251819,0.9718750000001819
2025-02-21 09:03:59.999,2753.2,2753.0076,2752.369,2753.4033,2753.6719,2751.9622,0.1924316406248181,0.4718750000001819
2025-02-21 09:04:59.999,2751.5,2753.0437,2752.2122,2752.1577,2753.6719,2751.9622,1.543701171875,2.171875
2025-02-21 09:05:59.999,2752.9,2753.0437,2752.5515,2753.4033,2753.6719,2751.9622,0.14370117187490905,0.771874999999909
2025-02-21 09:06:59.999,2754.01,2753.0437,2752.5515,2753.4033,2753.6719,2751.9177,0.9662988281252183,0.3381250000002183
2025-02-21 09:07:59.999,2754.59,2753.0437,2752.5515,2753.4033,2753.6719,2751.9177,1.5462988281251455,0.9181250000001455
2025-02-21 09:08:59.999,2754.75,2752.8684,2752.224,2754.0605,2753.0603,2752.0657,1.881591796875,1.689697265625
2025-02-21 09:09:59.999,2754.02,2752.8684,2752.4324,2754.0605,2753.0603,2752.0657,1.1515917968749818,0.9596972656249818
2025-02-21 09:10:59.999,2754.77,2752.8684,2752.4324,2754.0605,2753.0603,2752.0657,1.9015917968749818,1.7096972656249818
2025-02-21 09:11:59.999,2755.49,2752.8684,2752.4136,2753.7664,2753.0603,2752.0657,2.6215917968747817,2.4296972656247817
2025-02-21 09:12:59.999,2757.13,2752.681,2752.4136,2753.7664,2752.1409,2752.9912,4.449091796875109,4.989130859375109
2025-02-21 09:13:59.999,2758.39,2752.681,2751.6753,2753.5508,2752.1409,2752.9912,5.709091796874873,6.249130859374873
2025-02-21 09:14:59.999,2759.42,2752.8684,2752.4136,2753.7664,2753.0603,2752.9912,6.551591796875073,6.359697265625073
2025-02-21 09:15:59.999,2762.92,2753.1265,2751.902,2752.8643,2753.1548,2752.1897,9.793535156250073,9.765214843750073
2025-02-21 09:16:59.999,2783.72,2752.332,2751.1343,2751.429,2753.1672,2751.9622,31.3879687499998,30.5527636718748
2025-02-21 09:17:59.999,2787.92,2752.332,2751.1343,2751.429,2753.1672,2751.9622,35.58796875000007,34.75276367187507
2025-02-21 09:18:59.999,2814.26,2752.332,2751.1343,2751.429,2753.1672,2751.9622,61.92796875000022,61.09276367187522
2025-02-21 09:19:59.999,2822.9,2752.1567,2751.1343,2751.429,2752.5762,2751.9622,70.74326171875009,70.32382812500009
2025-02-21 09:20:59.999,2821.43,2752.7146,2751.6057,2751.242,2753.5398,2752.3616,68.71540039062484,67.89020507812484
2025-02-21 09:21:59.999,2816.82,2752.7146,2751.6057,2751.429,2753.474,2753.5308,64.10540039062516,63.345878906250164
2025-02-21 09:22:59.999,2814.23,2752.7146,2751.1343,2751.429,2753.474,2753.1313,61.51540039062502,60.75587890625002
2025-02-21 09:23:59.999,2809.94,2752.9382,2751.6172,2752.8015,2753.5996,2753.1313,57.001767578125055,56.340390625000055
2025-02-21 09:24:59.999,2809.24,2753.4873,2751.6357,2752.984,2753.0085,2753.1313,55.75269531249978,56.23145507812478
2025-02-21 09:25:59.999,2810.11,2753.4873,2752.1558,2752.984,2753.0085,2753.1313,56.62269531250013,57.10145507812513
2025-02-21 09:26:59.999,2806.54,2753.4873,2752.1558,2752.984,2753.0085,2753.1313,53.052695312499964,53.531455078124964
2025-02-21 09:27:59.999,2799.39,2753.4873,2752.1558,2752.984,2753.0085,2753.1313,45.90269531249987,46.38145507812487
2025-02-21 09:28:59.999,2799.45,2753.4873,2752.3877,2752.984,2753.0085,2753.1313,45.96269531249982,46.44145507812482
2025-02-21 09:29:59.999,2793.81,2753.4873,2752.3877,2752.984,2753.0085,2753.1313,40.322695312499945,40.801455078124945
2025-02-21 09:30:59.999,2797.01,2753.6626,2752.859,2753.2314,2753.5996,2753.1313,43.34740234375022,43.41039062500022
2025-02-21 09:31:59.999,2802.61,2753.6626,2752.3877,2753.2314,2753.5996,2753.5308,48.94740234375013,49.01039062500013
2025-02-21 09:32:59.999,2794.6,2753.6626,2752.3877,2753.2314,2753.5996,2753.2485,40.93740234374991,41.00039062499991
2025-02-21 09:33:59.999,2796.66,2753.5588,2752.8499,2754.1787,2753.4434,2753.4211,43.101162109374854,43.216640624999854
2025-02-21 09:34:59.999,2785.51,2753.4873,2752.1978,2752.984,2753.0085,2753.2485,32.02269531250022,32.50145507812522
2025-02-21 09:35:59.999,2790.19,2753.4873,2752.037,2752.984,2753.0085,2753.5308,36.702695312500055,37.181455078125055
2025-02-21 09:36:59.999,2785.2,2753.4873,2752.037,2753.2314,2753.0085,2753.2485,31.712695312499818,32.19145507812482
2025-02-21 09:37:59.999,2785.09,2753.6626,2752.0796,2753.2314,2753.5996,2753.5308,31.427402343750146,31.490390625000146
2025-02-21 09:38:59.999,2781.39,2753.4873,2751.4355,2752.984,2753.0085,2753.1313,27.902695312499873,28.381455078124873
2025-02-21 09:39:59.999,2783.0,2753.4873,2751.4355,2752.984,2753.0085,2753.1313,29.5126953125,29.991455078125
2025-02-21 09:40:59.999,2782.28,2753.4873,2751.4355,2752.984,2753.0085,2753.1313,28.7926953125002,29.2714550781252
2025-02-21 09:41:59.999,2780.19,2753.458,2751.4355,2752.984,2753.0085,2753.1313,26.731992187500055,27.181455078125055
2025-02-21 09:42:59.999,2772.19,2753.458,2751.4355,2752.984,2753.0085,2753.1313,18.731992187500055,19.181455078125055
2025-02-21 09:43:59.999,2773.12,2753.189,2751.4355,2753.3137,2753.0085,2752.5264,19.93103515624989,20.11145507812489
2025-02-21 09:44:59.999,2772.64,2753.189,2751.933,2753.3137,2753.0085,2753.1313,19.451035156249873,19.631455078124873
2025-02-21 09:45:59.999,2772.4,2753.189,2751.875,2753.3162,2753.0085,2753.1313,19.21103515625009,19.39145507812509
2025-02-21 09:46:59.999,2776.8,2753.189,2751.875,2752.968,2753.0085,2752.5264,23.611035156250182,23.791455078125182
2025-02-21 09:47:59.999,2778.63,2753.189,2751.875,2752.968,2752.8645,2752.5264,25.44103515625011,25.76549804687511
2025-02-21 09:48:59.999,2780.59,2752.6338,2751.875,2752.4375,2752.8645,2752.5264,27.956210937500146,27.725498046875146
2025-02-21 09:49:59.999,2779.81,2752.398,2751.3618,2751.6375,2752.8645,2752.5264,27.412050781249945,26.945498046874945
2025-02-21 09:50:59.999,2779.28,2752.398,2751.3618,2751.885,2752.7197,2752.5264,26.8820507812502,26.5602734375002
2025-02-21 09:51:59.999,2780.72,2752.398,2751.3618,2751.885,2752.7197,2752.5264,28.3220507812498,28.0002734374998
2025-02-21 09:52:59.999,2777.67,2751.7893,2751.3618,2751.885,2752.7197,2753.1313,25.880693359375073,24.950273437500073
2025-02-21 09:53:59.999,2778.4,2751.7893,2751.9062,2751.885,2752.7197,2753.1313,26.61069335937509,25.68027343750009
2025-02-21 09:54:59.999,2779.01,2751.7893,2751.9062,2751.885,2752.7197,2753.1313,27.22069335937522,26.29027343750022
2025-02-21 09:55:59.999,2781.2,2751.8596,2751.9062,2751.885,2752.7197,2753.1313,29.340380859374818,28.480273437499818
2025-02-21 09:56:59.999,2781.72,2751.8596,2751.9062,2751.6375,2752.7197,2752.5264,29.8603808593748,29.0002734374998
2025-02-21 09:57:59.999,2781.85,2752.3435,2751.9385,2751.885,2752.7197,2753.1313,29.50649414062491,29.13027343749991
2025-02-21 09:58:59.999,2783.6,2752.5188,2751.9521,2751.885,2753.3108,2753.452,31.08120117187491,30.28920898437491
2025-02-21 09:59:59.999,2782.31,2751.8618,2750.6152,2754.3826,2753.6494,2753.8027,30.448183593749945,28.660585937499945
2025-02-21 10:00:59.999,2786.0,2752.264,2751.1865,2755.0642,2756.311,2745.756,33.736083984375,29.68896484375
2025-02-21 10:01:59.999,2787.96,2751.9011,2749.7966,2754.8694,2754.111,2746.8296,36.058876953125036,33.848916015625036
2025-02-21 10:02:59.999,2788.39,2752.5771,2751.6064,2755.9827,2755.908,2745.756,35.81285156249987,32.48204101562487
2025-02-21 10:03:59.999,2785.0,2752.6714,2751.6025,2755.9827,2755.908,2745.756,32.32861328125,29.092041015625
2025-02-21 10:04:59.999,2786.97,2752.7075,2751.6206,2755.9827,2755.908,2745.756,34.2624804687498,31.0620410156248
2025-02-21 10:05:59.999,2788.29,2752.7075,2752.4312,2755.9827,2755.908,2745.756,35.582480468749964,32.382041015624964
2025-02-21 10:06:59.999,2789.08,2752.7075,2752.4312,2755.9827,2755.908,2745.4739,36.37248046874993,33.17204101562493
2025-02-21 10:07:59.999,2792.39,2752.7075,2752.4312,2755.9827,2755.908,2745.4739,39.68248046874987,36.48204101562487
2025-02-21 10:08:59.999,2793.5,2752.7075,2751.96,2755.9827,2755.908,2745.756,40.79248046875,37.592041015625
2025-02-21 10:09:59.999,2797.2,2752.5322,2752.1682,2755.735,2755.317,2745.756,44.66777343749982,41.88310546874982
2025-02-21 10:10:59.999,2797.54,2752.5322,2752.1682,2755.735,2755.317,2745.8005,45.007773437499964,42.223105468749964
2025-02-21 10:11:59.999,2795.72,2752.5322,2752.1494,2755.441,2755.317,2745.8005,43.1877734374998,40.4031054687498
2025-02-21 10:12:59.999,2795.99,2752.5322,2752.1494,2755.585,2755.317,2745.904,43.45777343749978,40.67310546874978
2025-02-21 10:13:59.999,2796.0,2752.3447,2751.793,2755.3694,2754.706,2745.904,43.6552734375,41.2939453125
2025-02-21 10:14:59.999,2796.48,2752.3447,2752.1494,2755.3694,2754.706,2745.904,44.13527343750002,41.77394531250002
2025-02-21 10:15:59.999,2799.71,2752.615,2750.825,2753.4287,2754.7998,2745.8005,47.095009765625036,44.910195312500036
2025-02-21 10:16:59.999,2801.1,2751.8206,2751.2163,2752.856,2754.8328,2745.8005,49.27944335937491,46.26723632812491
2025-02-21 10:17:59.999,2798.63,2751.8206,2751.2163,2752.856,2754.8328,2745.8005,46.80944335937511,43.79723632812511
2025-02-21 10:18:59.999,2796.39,2751.8206,2751.2163,2753.1035,2754.8328,2745.8005,44.56944335937487,41.55723632812487
2025-02-21 10:19:59.999,2794.56,2751.8206,2751.2163,2752.856,2754.8328,2745.8005,42.739443359374945,39.727236328124945
2025-02-21 10:20:59.999,2795.54,2752.3784,2751.6877,2753.1035,2755.7307,2746.2,43.161582031249964,39.809287109374964
2025-02-21 10:21:59.999,2798.61,2752.3784,2751.2163,2753.1035,2755.7307,2746.9697,46.23158203125013,42.87928710937513
2025-02-21 10:22:59.999,2800.57,2752.2031,2751.2163,2752.856,2755.1396,2746.9697,48.366875000000164,45.430351562500164
2025-02-21 10:23:59.999,2797.6,2752.4268,2751.6992,2754.2285,2755.2651,2746.9697,45.17324218749991,42.33486328124991
2025-02-21 10:24:59.999,2799.3,2753.1511,2751.7178,2754.8025,2755.2651,2746.3647,46.14887695312518,44.03486328125018
2025-02-21 10:25:59.999,2798.49,2753.1511,2751.7656,2754.8025,2755.2651,2746.3647,45.33887695312478,43.22486328124978
2025-02-21 10:26:59.999,2798.97,2753.1511,2751.7656,2754.8025,2755.2651,2746.3647,45.8188769531248,43.7048632812498
2025-02-21 10:27:59.999,2799.99,2753.1511,2751.7656,2754.8025,2755.2651,2746.3647,46.83887695312478,44.72486328124978
2025-02-21 10:28:59.999,2800.51,2753.1511,2751.997,2754.8025,2755.2651,2746.3647,47.35887695312522,45.24486328125022
2025-02-21 10:29:59.999,2799.03,2753.3762,2751.997,2754.9402,2755.2651,2746.3647,45.6537792968752,43.7648632812502
2025-02-21 10:30:59.999,2798.79,2753.5515,2752.4688,2755.439,2755.8562,2746.9697,45.238486328124964,42.933798828124964
2025-02-21 10:31:59.999,2802.06,2753.5515,2752.249,2755.439,2755.8562,2746.9697,48.508486328124945,46.203798828124945
2025-02-21 10:32:59.999,2801.21,2753.5515,2752.249,2755.439,2755.8562,2747.087,47.658486328125036,45.353798828125036
2025-02-21 10:33:59.999,2803.3,2753.4478,2752.7112,2756.3862,2756.0825,2747.2595,49.85224609375018,47.21748046875018
2025-02-21 10:34:59.999,2802.94,2753.3762,2752.249,2755.439,2755.2651,2747.3108,49.563779296875055,47.674863281250055
2025-02-21 10:35:59.999,2807.69,2753.3762,2752.249,2755.439,2755.2651,2747.3691,54.313779296875055,52.424863281250055
2025-02-21 10:36:59.999,2805.09,2753.5515,2752.249,2755.439,2755.8562,2747.087,51.538486328125146,49.233798828125146
2025-02-21 10:37:59.999,2804.56,2753.5515,2752.249,2755.439,2755.8562,2746.9697,51.008486328124945,48.703798828124945
2025-02-21 10:38:59.999,2806.19,2753.3762,2752.0347,2755.1914,2755.2651,2746.3647,52.813779296875055,50.924863281250055
2025-02-21 10:39:59.999,2805.18,2753.3762,2752.3535,2755.1914,2755.2651,2746.3647,51.803779296874836,49.914863281249836
2025-02-21 10:40:59.999,2805.61,2753.3762,2752.3535,2755.1914,2755.2651,2746.3647,52.23377929687513,50.34486328125013
2025-02-21 10:41:59.999,2806.37,2753.347,2752.3535,2755.1914,2755.2651,2746.9697,53.02307617187489,51.10486328124989
2025-02-21 10:42:59.999,2803.61,2753.347,2752.3535,2755.1914,2755.2651,2746.9697,50.26307617187513,48.34486328125013
2025-02-21 10:43:59.999,2802.48,2753.078,2752.3535,2755.386,2754.8206,2746.3647,49.40211914062502,47.65944335937502
2025-02-21 10:44:59.999,2803.8,2753.078,2752.3535,2755.6372,2754.8206,2746.3647,50.72211914062518,48.97944335937518
2025-02-21 10:45:59.999,2803.22,2753.078,2752.2954,2755.4531,2754.8206,2746.9697,50.1421191406248,48.3994433593748
2025-02-21 10:46:59.999,2801.84,2753.078,2752.2954,2755.4167,2754.8206,2746.3647,48.762119140625146,47.019443359375146
2025-02-21 10:47:59.999,2801.84,2753.078,2752.2954,2755.4167,2754.6765,2746.3647,48.762119140625146,47.163486328125146
2025-02-21 10:48:59.999,2800.83,2752.5227,2752.2954,2754.8862,2754.6765,2746.3647,48.30729492187493,46.15348632812493
2025-02-21 10:49:59.999,2799.5,2752.2869,2751.7827,2754.0862,2754.6765,2746.3647,47.213134765625,44.823486328125
2025-02-21 10:50:59.999,2800.28,2752.2869,2751.7827,2754.3337,2754.5317,2746.3647,47.9931347656252,45.7482617187502
2025-02-21 10:51:59.999,2803.0,2752.2869,2751.7827,2754.3337,2754.5317,2746.3647,50.713134765625,48.46826171875
2025-02-21 10:52:59.999,2803.95,2751.6782,2751.5728,2754.0862,2754.5317,2746.9697,52.27177734374982,49.41826171874982
2025-02-21 10:53:59.999,2802.66,2751.6782,2752.269,2754.0862,2754.5317,2746.9697,50.981777343749854,48.128261718749854
2025-02-21 10:54:59.999,2801.51,2751.6782,2752.269,2754.0862,2754.5317,2746.9697,49.83177734375022,46.97826171875022
2025-02-21 10:55:59.999,2800.82,2751.7485,2752.269,2754.0862,2754.5317,2746.9697,49.071464843750164,46.288261718750164
2025-02-21 10:56:59.999,2799.73,2751.7485,2752.269,2754.0862,2754.5317,2746.3647,47.98146484375002,45.19826171875002
2025-02-21 10:57:59.999,2800.4,2751.5898,2752.3008,2754.0862,2754.5317,2746.9697,48.81015625000009,45.86826171875009
2025-02-21 10:58:59.999,2801.0,2751.5898,2752.315,2754.3337,2754.5317,2747.2903,49.41015625,46.46826171875
2025-02-21 10:59:59.999,2801.02,2751.1082,2751.7412,2756.9565,2756.281,2747.641,49.91184570312498,44.73899414062498
2025-02-21 11:00:59.999,2804.01,2753.4492,2753.2166,2756.036,2758.14,2745.5876,50.56078125000022,45.87010742187522
2025-02-21 11:01:59.999,2804.99,2753.4663,2753.1868,2756.0493,2758.14,2745.8699,51.52369140624978,46.85010742187478
2025-02-21 11:02:59.999,2803.2,2753.7795,2755.4775,2756.0493,2758.14,2745.5876,49.42045898437482,45.06010742187482
2025-02-21 11:03:59.999,2800.99,2753.8738,2754.3809,2756.0493,2758.14,2745.5876,47.11622070312478,42.85010742187478
2025-02-21 11:04:59.999,2797.89,2753.91,2754.5078,2756.0493,2758.14,2745.5876,43.98008789062487,39.75010742187487
2025-02-21 11:05:59.999,2794.58,2753.8062,2755.6257,2756.0493,2758.14,2745.5876,40.77384765624993,36.44010742187493
2025-02-21 11:06:59.999,2796.24,2753.8062,2755.6257,2756.0493,2758.14,2745.7603,42.43384765624978,38.10010742187478
2025-02-21 11:07:59.999,2799.51,2753.8062,2755.6257,2756.0493,2758.14,2745.7603,45.70384765625022,41.37010742187522
2025-02-21 11:08:59.999,2798.61,2753.91,2755.165,2756.0493,2758.14,2745.8699,44.70008789062513,40.47010742187513
2025-02-21 11:09:59.999,2796.99,2753.91,2755.3733,2756.0493,2758.14,2745.8699,43.08008789062478,38.85010742187478
2025-02-21 11:10:59.999,2797.48,2753.91,2755.3733,2756.0493,2758.14,2745.8699,43.57008789062502,39.34010742187502
2025-02-21 11:11:59.999,2796.62,2753.91,2755.3545,2756.0493,2758.14,2745.8699,42.71008789062489,38.48010742187489
2025-02-21 11:12:59.999,2792.75,2753.91,2754.6853,2756.6602,2757.5132,2746.0178,38.840087890625,35.23681640625
2025-02-21 11:13:59.999,2792.08,2753.91,2754.6853,2756.4126,2757.5132,2746.0178,38.17008789062493,34.56681640624993
2025-02-21 11:14:59.999,2789.4,2753.91,2754.966,2756.4126,2757.5132,2746.0178,35.49008789062509,31.88681640625009
2025-02-21 11:15:59.999,2788.89,2753.9927,2753.3608,2754.648,2757.2197,2745.9143,34.89732421874987,31.670273437499873
2025-02-21 11:16:59.999,2789.7,2753.1982,2753.406,2754.0752,2757.2527,2745.9143,36.50175781249982,32.44731445312482
2025-02-21 11:17:59.999,2791.73,2753.1982,2754.142,2754.0752,2757.2527,2745.9143,38.53175781250002,34.47731445312502
2025-02-21 11:18:59.999,2789.47,2753.1982,2754.6135,2754.0752,2757.2527,2745.9143,36.2717578124998,32.2173144531248
2025-02-21 11:19:59.999,2791.3,2753.1982,2754.8535,2754.0752,2757.2527,2745.9143,38.10175781250018,34.04731445312518
2025-02-21 11:20:59.999,2793.54,2753.5808,2755.6665,2755.1333,2757.701,2746.3137,39.959189453124964,35.839072265624964
2025-02-21 11:21:59.999,2794.6,2753.5808,2755.325,2753.8882,2757.3184,2748.0786,41.01918945312491,37.28164062499991
2025-02-21 11:22:59.999,2796.11,2753.5808,2754.8535,2754.0752,2757.2527,2748.0786,42.52918945312513,38.85731445312513
2025-02-21 11:23:59.999,2800.64,2753.8044,2755.3364,2755.4478,2757.3782,2748.0786,46.83555664062487,43.26182617187487
2025-02-21 11:24:59.999,2801.42,2754.5288,2755.6357,2755.6301,2757.1545,2747.4736,46.89119140625007,44.26545898437507
2025-02-21 11:25:59.999,2800.98,2754.5288,2755.6836,2755.6301,2757.1545,2747.4736,46.45119140625002,43.82545898437502
2025-02-21 11:26:59.999,2802.21,2754.5288,2755.6836,2755.6301,2757.1545,2747.4736,47.681191406250036,45.055458984375036
2025-02-21 11:27:59.999,2803.5,2754.5288,2755.6836,2755.6301,2757.1545,2747.4736,48.97119140625,46.345458984375
2025-02-21 11:28:59.999,2800.47,2754.5288,2755.6836,2755.6301,2757.1545,2747.4736,45.9411914062498,43.3154589843748
2025-02-21 11:29:59.999,2799.81,2754.5288,2755.4028,2755.6301,2757.1545,2747.4736,45.281191406249945,42.655458984374945
2025-02-21 11:30:59.999,2798.59,2754.5288,2756.2158,2756.9358,2757.8264,2748.0786,44.061191406250146,40.763583984375146
2025-02-21 11:31:59.999,2795.89,2754.5288,2756.2158,2756.9358,2757.8264,2748.0786,41.36119140624987,38.06358398437487
2025-02-21 11:32:59.999,2798.97,2754.5288,2756.2158,2756.9358,2757.8264,2748.1958,44.4411914062498,41.1435839843748
2025-02-21 11:33:59.999,2799.71,2754.425,2755.865,2756.825,2757.6045,2748.3684,45.284951171875036,42.105507812500036
2025-02-21 11:34:59.999,2798.87,2754.5288,2755.874,2755.6907,2757.4438,2748.4197,44.34119140624989,41.42615234374989
2025-02-21 11:35:59.999,2800.51,2754.5288,2755.874,2756.9358,2757.8264,2748.478,45.98119140625022,42.68358398437522
2025-02-21 11:36:59.999,2798.24,2754.5288,2756.2158,2756.9358,2757.8264,2748.1958,43.71119140624978,40.41358398437478
2025-02-21 11:37:59.999,2797.92,2754.5288,2755.874,2756.9358,2757.8264,2748.0786,43.39119140625007,40.09358398437507
2025-02-21 11:38:59.999,2795.77,2754.5288,2755.188,2755.8777,2757.3782,2747.4736,41.24119140624998,38.39182617187498
2025-02-21 11:39:59.999,2797.76,2754.5288,2755.188,2755.8777,2757.3782,2747.4736,43.23119140625022,40.38182617187522
2025-02-21 11:40:59.999,2796.51,2754.5288,2755.188,2755.8777,2757.3782,2747.4736,41.98119140625022,39.13182617187522
2025-02-21 11:41:59.999,2796.59,2754.2737,2755.6597,2755.8777,2757.3782,2747.4736,42.316318359375146,39.211826171875146
2025-02-21 11:42:59.999,2795.74,2754.2737,2755.6597,2755.8777,2757.3782,2747.4736,41.46631835937478,38.36182617187478
2025-02-21 11:43:59.999,2792.0,2754.0046,2755.6597,2756.0637,2756.9336,2748.478,37.995361328125,35.06640625
2025-02-21 11:44:59.999,2793.98,2754.0046,2755.6597,2756.0637,2756.9993,2748.478,39.97536132812502,36.98073242187502
2025-02-21 11:45:59.999,2791.59,2754.0046,2755.6016,2756.0745,2756.9993,2748.0786,37.585361328125146,34.590732421875146
2025-02-21 11:46:59.999,2794.12,2754.0046,2755.6016,2755.6316,2756.9993,2747.4736,40.11536132812489,37.12073242187489
2025-02-21 11:47:59.999,2793.69,2754.0046,2755.13,2755.8186,2756.7896,2747.4736,39.685361328125055,36.900449218750055
2025-02-21 11:48:59.999,2795.47,2753.4495,2755.13,2755.288,2756.7896,2748.0786,42.0205371093748,38.6804492187498
2025-02-21 11:49:59.999,2794.26,2753.2136,2754.6172,2754.488,2756.7896,2748.0786,41.04637695312522,37.47044921875022
2025-02-21 11:50:59.999,2794.09,2753.2136,2755.0884,2754.4307,2756.8552,2748.0786,40.876376953125146,37.234775390625146
2025-02-21 11:51:59.999,2793.67,2753.3135,2755.0884,2754.4307,2756.8552,2748.0786,40.35652343750007,36.81477539062507
2025-02-21 11:52:59.999,2791.16,2752.7048,2754.9146,2754.488,2756.8552,2748.0786,38.455166015624854,34.304775390624854
2025-02-21 11:53:59.999,2790.52,2752.7048,2754.9072,2754.488,2756.6448,2748.0786,37.81516601562498,33.87522460937498
2025-02-21 11:54:59.999,2791.55,2752.7048,2754.9072,2754.488,2756.6448,2748.0786,38.84516601562518,34.90522460937518
2025-02-21 11:55:59.999,2792.33,2752.7751,2754.9072,2754.488,2756.6448,2748.0786,39.55485351562493,35.68522460937493
2025-02-21 11:56:59.999,2792.59,2752.7751,2754.436,2754.488,2756.6448,2748.0786,39.814853515625146,35.945224609375146
2025-02-21 11:57:59.999,2790.71,2752.6165,2754.9395,2754.488,2756.6448,2748.0786,38.093544921875036,34.065224609375036
2025-02-21 11:58:59.999,2788.64,2752.6165,2755.295,2755.0808,2757.588,2748.0786,36.02354492187487,31.052109374999873
2025-02-21 11:59:59.999,2788.73,2751.9595,2753.6895,2756.1528,2757.9648,2748.75,36.77052734375002,30.765156250000018
2025-02-21 12:00:59.999,2790.27,2753.481,2754.8643,2756.344,2758.4397,2744.4773,36.78904296874998,31.830302734374982
2025-02-21 12:01:59.999,2790.7,2753.569,2753.7156,2756.3574,2758.8767,2745.351,37.13090820312482,31.823291015624818
2025-02-21 12:02:59.999,2792.06,2753.8113,2755.0151,2756.3574,2758.4397,2744.7012,38.248720703124945,33.620302734374945
2025-02-21 12:03:59.999,2794.48,2753.9055,2756.1755,2756.3574,2758.4397,2744.7012,40.57448242187502,36.04030273437502
2025-02-21 12:04:59.999,2791.53,2753.9417,2756.3606,2756.3574,2758.4397,2744.7012,37.5883496093752,33.0903027343752
2025-02-21 12:05:59.999,2791.56,2753.9417,2756.9597,2756.3574,2758.4397,2744.4773,37.618349609374945,33.120302734374945
2025-02-21 12:06:59.999,2791.69,2753.9417,2756.9597,2756.3574,2758.4397,2744.4773,37.748349609375055,33.250302734375055
2025-02-21 12:07:59.999,2792.55,2753.9417,2756.9597,2756.3574,2758.4397,2744.4773,38.60834960937518,34.11030273437518
2025-02-21 12:08:59.999,2791.95,2753.9417,2756.9597,2756.3574,2758.4397,2744.8574,38.00834960937482,33.51030273437482
2025-02-21 12:09:59.999,2790.86,2753.9417,2757.168,2756.3574,2758.4397,2744.8574,36.91834960937513,32.42030273437513
2025-02-21 12:10:59.999,2789.99,2753.9417,2756.8262,2756.3574,2758.4397,2744.8574,36.04834960937478,31.55030273437478
2025-02-21 12:11:59.999,2790.03,2753.9417,2756.8074,2755.1128,2758.0571,2744.8574,36.0883496093752,31.9728710937502
2025-02-21 12:12:59.999,2789.3,2753.9417,2756.7607,2756.7212,2757.813,2742.21,35.35834960937518,31.487011718750182
2025-02-21 12:13:59.999,2792.87,2753.9417,2756.7607,2756.7212,2757.813,2742.21,38.92834960937489,35.05701171874989
2025-02-21 12:14:59.999,2795.53,2753.7542,2756.7607,2756.5056,2757.5322,2742.21,41.7758496093752,37.9977734375002
2025-02-21 12:15:59.999,2797.31,2754.0244,2755.1555,2754.7085,2757.296,2743.6267,43.285585937499945,40.014101562499945
2025-02-21 12:16:59.999,2798.09,2753.23,2755.2007,2754.1357,2757.3289,2743.6267,44.860019531250146,40.761142578125146
2025-02-21 12:17:59.999,2799.0,2753.23,2754.9739,2754.1357,2757.3289,2743.6267,45.77001953125,41.671142578125
2025-02-21 12:18:59.999,2800.59,2753.23,2754.9739,2754.1357,2757.3289,2743.6267,47.360019531250146,43.261142578125146
2025-02-21 12:19:59.999,2796.81,2753.23,2754.6775,2754.1357,2757.3289,2743.6267,43.580019531249945,39.481142578124945
2025-02-21 12:20:59.999,2798.75,2753.6125,2754.6775,2754.3833,2757.5525,2745.3013,45.137451171875,41.197509765625
2025-02-21 12:21:59.999,2798.9,2753.6125,2754.6775,2754.3833,2757.3289,2747.4656,45.28745117187509,41.57114257812509
2025-02-21 12:22:59.999,2799.22,2753.6125,2754.6775,2754.1357,2757.3289,2745.791,45.6074511718748,41.8911425781248
2025-02-21 12:23:59.999,2797.54,2753.8362,2755.1602,2755.5083,2757.4543,2745.791,43.703818359374964,40.085654296874964
2025-02-21 12:24:59.999,2796.93,2754.5605,2755.46,2755.9382,2757.4543,2743.6658,42.369453124999836,39.475654296874836
2025-02-21 12:25:59.999,2796.25,2754.5605,2755.5073,2755.9382,2757.4543,2743.6658,41.689453125,38.795654296875
2025-02-21 12:26:59.999,2796.98,2754.5605,2755.5073,2755.9382,2757.4543,2743.6658,42.41945312500002,39.52565429687502
2025-02-21 12:27:59.999,2797.51,2754.5605,2755.5073,2755.9382,2757.4543,2743.6658,42.94945312500022,40.05565429687522
2025-02-21 12:28:59.999,2797.51,2754.5605,2755.5073,2755.9382,2757.4543,2744.5913,42.94945312500022,40.05565429687522
2025-02-21 12:29:59.999,2798.5,2754.5605,2755.2266,2755.9382,2757.4543,2743.6658,43.939453125,41.045654296875
2025-02-21 12:30:59.999,2800.7,2754.5605,2756.3828,2757.244,2758.1262,2747.3093,46.13945312499982,42.57377929687482
2025-02-21 12:31:59.999,2799.37,2754.5605,2756.0396,2757.244,2758.1262,2747.0854,44.80945312499989,41.24377929687489
2025-02-21 12:32:59.999,2801.45,2754.5835,2756.1777,2757.133,2758.3413,2748.482,46.86650390624982,43.10869140624982
2025-02-21 12:33:59.999,2803.79,2754.5835,2756.1108,2757.133,2758.3413,2748.482,49.206503906249964,45.448691406249964
2025-02-21 12:34:59.999,2804.06,2754.5835,2756.1777,2757.133,2758.3413,2748.482,49.476503906249945,45.718691406249945
2025-02-21 12:35:59.999,2802.2,2754.5835,2756.1108,2757.133,2758.3413,2748.482,47.61650390624982,43.85869140624982
2025-02-21 12:36:59.999,2802.52,2754.4568,2755.6887,2757.133,2757.9043,2748.482,48.06321289062498,44.61570312499998
2025-02-21 12:37:59.999,2802.6,2754.5605,2756.0396,2757.244,2758.1262,2745.791,48.03945312499991,44.47377929687491
2025-02-21 12:38:59.999,2803.69,2754.5605,2755.0122,2756.1858,2757.4543,2744.5913,49.129453125000055,46.235654296875055
2025-02-21 12:39:59.999,2803.08,2754.5605,2755.0122,2755.9382,2757.4543,2744.5913,48.51945312499993,45.62565429687493
2025-02-21 12:40:59.999,2800.0,2754.5605,2755.0122,2755.9382,2757.4543,2744.5913,45.439453125,42.545654296875
2025-02-21 12:41:59.999,2800.99,2754.3054,2755.0122,2755.9382,2757.4543,2744.5913,46.68458007812478,43.53565429687478
2025-02-21 12:42:59.999,2798.49,2754.3054,2755.0122,2755.9382,2757.4543,2744.5913,44.18458007812478,41.03565429687478
2025-02-21 12:43:59.999,2797.91,2754.0364,2755.0122,2756.1243,2756.6953,2745.791,43.873623046874854,41.214687499999854
2025-02-21 12:44:59.999,2798.96,2754.0364,2755.0122,2756.1243,2756.6953,2745.791,44.923623046875036,42.264687500000036
2025-02-21 12:45:59.999,2799.1,2754.0364,2754.954,2756.0232,2756.6953,2743.6658,45.06362304687491,42.40468749999991
2025-02-21 12:46:59.999,2800.33,2754.0364,2754.954,2755.7378,2756.6953,2744.5913,46.29362304687493,43.63468749999993
2025-02-21 12:47:59.999,2802.89,2754.0364,2754.954,2755.7378,2756.5513,2744.5913,48.85362304687487,46.33873046874987
2025-02-21 12:48:59.999,2802.21,2753.4812,2754.954,2755.2073,2756.5513,2743.6658,48.728798828125036,45.658730468750036
2025-02-21 12:49:59.999,2803.32,2753.2454,2754.441,2754.4072,2756.5513,2743.6658,50.074638671875164,46.768730468750164
2025-02-21 12:50:59.999,2802.89,2753.2454,2754.441,2754.4072,2756.4065,2743.6658,49.64463867187487,46.48350585937487
2025-02-21 12:51:59.999,2803.49,2752.9397,2754.441,2754.6548,2756.4065,2743.6658,50.55030273437478,47.08350585937478
2025-02-21 12:52:59.999,2802.8,2752.331,2754.267,2754.4072,2756.4065,2743.6658,50.46894531250018,46.39350585937518
2025-02-21 12:53:59.999,2804.81,2752.331,2754.1504,2754.4072,2756.4065,2743.6658,52.478945312499945,48.403505859374945
2025-02-21 12:54:59.999,2806.6,2752.331,2754.1504,2754.4072,2756.4065,2743.6658,54.26894531249991,50.19350585937491
2025-02-21 12:55:59.999,2805.6,2752.4014,2754.1504,2754.4072,2756.4065,2743.6658,53.19863281249991,49.19350585937491
2025-02-21 12:56:59.999,2805.0,2752.4014,2754.1504,2754.4072,2756.4065,2743.6658,52.5986328125,48.593505859375
2025-02-21 12:57:59.999,2803.29,2752.2427,2754.1821,2754.4072,2756.4065,2743.6658,51.047324218749964,46.883505859374964
2025-02-21 12:58:59.999,2805.55,2752.2427,2754.1963,2754.6548,2756.6301,2743.6658,53.30732421875018,48.91987304687518
2025-02-21 12:59:59.999,2806.57,2751.5857,2753.5054,2754.7197,2756.216,2748.482,54.984306640625164,50.353935546875164
2025-02-21 13:00:59.999,2808.98,2753.4404,2752.223,2754.9204,2757.813,2755.2952,55.53957031250002,51.16701171875002
2025-02-21 13:01:59.999,2810.0,2754.2407,2753.3328,2755.3955,2758.4397,2756.712,55.75927734375,51.560302734375
2025-02-21 13:02:59.999,2803.99,2753.7537,2753.3083,2755.3955,2758.4397,2756.712,50.23633789062478,45.55030273437478
2025-02-21 13:03:59.999,2808.01,2753.848,2752.4492,2755.3955,2758.4397,2756.712,54.16209960937522,49.57030273437522
2025-02-21 13:04:59.999,2813.26,2753.884,2753.4612,2755.3955,2758.4397,2756.712,59.37596679687522,54.82030273437522
2025-02-21 13:05:59.999,2816.4,2753.7803,2753.1763,2755.3955,2758.4397,2757.9426,62.61972656250009,57.96030273437509
2025-02-21 13:06:59.999,2816.39,2753.7803,2753.1763,2755.3955,2758.4397,2757.9426,62.60972656249987,57.95030273437487
2025-02-21 13:07:59.999,2816.99,2753.7803,2753.1763,2755.3955,2758.4397,2757.9426,63.20972656249978,58.55030273437478
2025-02-21 13:08:59.999,2819.83,2753.7803,2752.9233,2755.3955,2758.4397,2757.9426,66.04972656249993,61.39030273437493
2025-02-21 13:09:59.999,2823.62,2753.7803,2752.9858,2755.3955,2758.4397,2757.9426,69.83972656249989,65.18030273437489
2025-02-21 13:10:59.999,2829.11,2753.7803,2752.9858,2755.3955,2758.4397,2757.9426,75.32972656250013,70.67030273437513
2025-02-21 13:11:59.999,2826.0,2753.884,2753.9075,2755.3955,2758.4397,2757.9426,72.115966796875,67.560302734375
2025-02-21 13:12:59.999,2823.51,2753.884,2752.7195,2753.8252,2758.0366,2756.712,69.62596679687522,65.47337890625022
2025-02-21 13:13:59.999,2839.18,2753.884,2752.392,2755.6814,2758.0366,2756.712,85.29596679687484,81.14337890624984
2025-02-21 13:14:59.999,2838.05,2753.884,2753.8271,2755.4338,2757.813,2755.2952,84.16596679687518,80.23701171875018
2025-02-21 13:15:59.999,2835.25,2753.9668,2751.539,2753.2864,2757.54,2756.712,81.283203125,77.7099609375
2025-02-21 13:16:59.999,2832.07,2753.1724,2751.5842,2752.9092,2757.573,2757.9426,78.89763671875016,74.49700195312516
2025-02-21 13:17:59.999,2833.04,2753.1724,2751.5842,2752.9092,2757.573,2757.9426,79.86763671874996,75.46700195312496
2025-02-21 13:18:59.999,2829.72,2753.1724,2751.9258,2754.4792,2757.9556,2757.9426,76.5476367187498,71.7644335937498
2025-02-21 13:19:59.999,2827.39,2753.1724,2751.5842,2754.4792,2757.9556,2756.712,74.21763671874987,69.43443359374987
2025-02-21 13:20:59.999,2827.29,2753.555,2751.9258,2754.4792,2758.0007,2758.3865,73.73506835937496,69.28926757812496
2025-02-21 13:21:59.999,2826.27,2753.555,2751.9258,2754.4792,2758.0007,2760.5508,72.71506835937498,68.26926757812498
2025-02-21 13:22:59.999,2829.77,2753.555,2751.9258,2754.4792,2758.0007,2758.8762,76.21506835937498,71.76926757812498
2025-02-21 13:23:59.999,2825.03,2753.7786,2752.4087,2755.8518,2758.1262,2758.8762,71.2514355468752,66.9037792968752
2025-02-21 13:24:59.999,2827.49,2754.503,2751.8867,2754.8987,2757.678,2756.751,72.98707031249978,69.81202148437478
2025-02-21 13:25:59.999,2828.34,2754.503,2751.9346,2754.8987,2757.678,2756.751,73.83707031250015,70.66202148437515
2025-02-21 13:26:59.999,2831.78,2754.503,2751.9346,2754.8987,2757.678,2756.751,77.2770703125002,74.1020214843752
2025-02-21 13:27:59.999,2829.27,2754.503,2751.9346,2754.8987,2757.678,2756.751,74.76707031249998,71.59202148437498
2025-02-21 13:28:59.999,2830.25,2754.503,2751.9346,2754.8987,2757.678,2756.751,75.7470703125,72.572021484375
2025-02-21 13:29:59.999,2831.8,2754.503,2752.4058,2754.7117,2757.7437,2758.8762,77.29707031250018,74.05634765625018
2025-02-21 13:30:59.999,2832.62,2754.526,2753.0479,2756.171,2758.3413,2761.8037,78.09412109374989,74.27869140624989
2025-02-21 13:31:59.999,2830.99,2754.526,2753.0479,2756.171,2758.3413,2761.8037,76.46412109374978,72.64869140624978
2025-02-21 13:32:59.999,2833.83,2754.5532,2753.606,2757.2202,2758.3413,2766.1265,79.27677734374993,75.48869140624993
2025-02-21 13:33:59.999,2831.39,2755.0784,2752.8848,2756.7043,2759.0376,2765.3286,76.31163085937487,72.35240234374987
2025-02-21 13:34:59.999,2832.32,2754.0225,2753.016,2756.57,2758.5032,2761.8037,78.29753906250016,73.81682617187516
2025-02-21 13:35:59.999,2833.08,2755.179,2753.016,2756.57,2758.5032,2761.8037,77.90104492187493,74.57682617187493
2025-02-21 13:36:59.999,2835.62,2754.526,2753.0479,2756.171,2758.3413,2761.5671,81.09412109374989,77.27869140624989
2025-02-21 13:37:59.999,2836.53,2754.3992,2751.86,2756.171,2757.9043,2760.1707,82.1308300781252,78.6257031250002
2025-02-21 13:38:59.999,2839.56,2754.3992,2751.8079,2756.171,2757.9043,2760.5508,85.16083007812495,81.65570312499995
2025-02-21 13:39:59.999,2840.62,2754.503,2752.6953,2756.2817,2758.1262,2760.5508,86.11707031249989,82.49377929687489
2025-02-21 13:40:59.999,2838.69,2754.503,2752.6953,2756.2817,2758.1262,2760.5508,84.18707031250005,80.56377929687505
2025-02-21 13:41:59.999,2833.75,2754.144,2753.0386,2756.2817,2758.1262,2760.5508,79.60595703125,75.623779296875
2025-02-21 13:42:59.999,2835.74,2754.2478,2753.0386,2755.6868,2758.1262,2760.5508,81.49219726562478,77.61377929687478
2025-02-21 13:43:59.999,2835.09,2753.875,2751.8079,2755.762,2757.1453,2760.3433,81.21500000000015,77.94473632812515
2025-02-21 13:44:59.999,2834.89,2753.875,2751.8079,2755.762,2757.1453,2760.3433,81.01499999999987,77.74473632812487
2025-02-21 13:45:59.999,2837.0,2753.875,2751.7498,2755.661,2757.1453,2760.1707,83.125,79.854736328125
2025-02-21 13:46:59.999,2839.77,2753.875,2751.7498,2755.3755,2757.1453,2760.5508,85.89499999999998,82.62473632812498
2025-02-21 13:47:59.999,2837.54,2753.875,2751.7498,2755.3755,2757.0012,2760.5508,83.66499999999996,80.53877929687496
2025-02-21 13:48:59.999,2838.0,2753.3198,2751.7498,2754.9746,2757.0012,2760.5508,84.68017578125,80.998779296875
2025-02-21 13:49:59.999,2837.69,2753.084,2751.465,2754.1746,2757.0012,2760.5508,84.60601562500005,80.68877929687505
2025-02-21 13:50:59.999,2835.52,2753.084,2751.6672,2754.1746,2757.0012,2760.5508,82.43601562499998,78.51877929687498
2025-02-21 13:51:59.999,2836.52,2752.7783,2751.6672,2754.1746,2757.0012,2760.5508,83.74167968749998,79.51877929687498
2025-02-21 13:52:59.999,2834.01,2752.1697,2751.3606,2754.1746,2757.0012,2760.3945,81.84032226562522,77.00877929687522
2025-02-21 13:53:59.999,2834.24,2752.1697,2751.244,2754.1746,2757.0012,2760.3945,82.07032226562478,77.23877929687478
2025-02-21 13:54:59.999,2836.5,2752.1697,2751.244,2754.1746,2755.779,2760.3945,84.330322265625,80.720947265625
2025-02-21 13:55:59.999,2836.81,2752.24,2751.244,2754.1746,2755.779,2760.1707,84.57000976562495,81.03094726562495
2025-02-21 13:56:59.999,2838.17,2752.24,2751.244,2754.1746,2755.779,2760.1707,85.93000976562507,82.39094726562507
2025-02-21 13:57:59.999,2839.11,2752.146,2751.5374,2754.1746,2755.779,2760.3945,86.96400390625013,83.33094726562513
2025-02-21 13:58:59.999,2838.44,2752.185,2751.9487,2754.2854,2756.001,2756.751,86.25494140625005,82.43902343750005
2025-02-21 13:59:59.999,2836.32,2750.2236,2750.4658,2755.462,2756.378,2761.5671,86.09636718750016,79.94207031250016
2025-02-21 14:00:59.999,2836.68,2764.883,2753.87,2759.2268,2766.312,2760.3738,71.79694335937484,70.36798828124984
2025-02-21 14:01:59.999,2835.26,2765.7368,2755.1492,2762.192,2766.4739,2760.3738,69.52318359375022,68.78612304687522
2025-02-21 14:02:59.999,2832.47,2767.8062,2755.7478,2762.192,2767.3513,2760.3738,64.6638476562498,65.1186816406248
2025-02-21 14:03:59.999,2830.61,2767.9004,2756.1284,2762.192,2767.3513,2760.6104,62.70960937500013,63.25868164062513
2025-02-21 14:04:59.999,2828.21,2767.975,2756.3086,2762.192,2767.3513,2760.6104,60.234902343750036,60.858681640625036
2025-02-21 14:05:59.999,2828.42,2767.975,2756.9236,2762.192,2767.3513,2760.6104,60.44490234375007,61.06868164062507
2025-02-21 14:06:59.999,2828.7,2767.975,2756.9236,2762.192,2766.4739,2760.6104,60.72490234374982,62.22612304687482
2025-02-21 14:07:59.999,2826.88,2767.975,2756.9236,2762.192,2766.4739,2760.6104,58.90490234375011,60.40612304687511
2025-02-21 14:08:59.999,2825.4,2767.975,2756.9236,2762.192,2767.3513,2760.6104,57.42490234375009,58.04868164062509
2025-02-21 14:09:59.999,2823.94,2767.975,2757.0432,2762.192,2767.3513,2760.6104,55.964902343750055,56.588681640625055
2025-02-21 14:10:59.999,2822.79,2764.918,2757.0432,2762.192,2766.4739,2760.3738,57.872031249999964,56.316123046874964
2025-02-21 14:11:59.999,2820.5,2764.918,2757.359,2762.192,2766.4739,2760.3738,55.58203125,54.026123046875
2025-02-21 14:12:59.999,2821.09,2767.975,2757.359,2762.192,2766.4739,2760.3738,53.114902343750146,54.616123046875146
2025-02-21 14:13:59.999,2821.82,2764.8906,2757.3904,2759.2402,2766.312,2760.3738,56.929375000000164,55.507988281250164
2025-02-21 14:14:59.999,2821.69,2764.8906,2757.3904,2759.2402,2766.312,2760.3738,56.799375000000055,55.377988281250055
2025-02-21 14:15:59.999,2820.3,2764.9734,2755.723,2758.7012,2765.573,2760.8965,55.32661132812518,54.72700195312518
2025-02-21 14:16:59.999,2822.49,2764.179,2755.768,2758.2131,2765.606,2760.8965,58.31104492187478,56.88404296874978
2025-02-21 14:17:59.999,2823.61,2764.179,2755.768,2758.2131,2765.606,2760.8965,59.43104492187513,58.00404296875013
2025-02-21 14:18:59.999,2826.64,2764.179,2755.768,2758.2131,2765.606,2760.8965,62.46104492187487,61.03404296874987
2025-02-21 14:19:59.999,2827.51,2764.179,2755.768,2758.2131,2765.606,2761.3403,63.33104492187522,61.90404296875022
2025-02-21 14:20:59.999,2825.5,2764.5615,2755.768,2758.2131,2764.7974,2761.3403,60.9384765625,60.70263671875
2025-02-21 14:21:59.999,2822.92,2764.5615,2755.768,2758.2131,2764.7974,2761.3403,58.35847656250007,58.12263671875007
2025-02-21 14:22:59.999,2820.18,2764.5615,2755.768,2758.2131,2764.7974,2761.3403,55.618476562499836,55.382636718749836
2025-02-21 14:23:59.999,2815.7,2764.7852,2756.251,2759.5857,2764.9229,2761.3403,50.91484374999982,50.77714843749982
2025-02-21 14:24:59.999,2818.56,2765.5095,2756.6436,2760.0156,2764.9229,2761.3403,53.050478515624945,53.637148437499945
2025-02-21 14:25:59.999,2818.98,2765.5095,2756.5996,2760.0156,2764.9229,2761.3403,53.47047851562502,54.05714843750002
2025-02-21 14:26:59.999,2819.1,2765.5095,2756.5996,2760.0156,2764.9229,2760.1165,53.59047851562491,54.17714843749991
2025-02-21 14:27:59.999,2819.17,2765.5095,2756.5996,2760.0156,2764.9229,2760.1165,53.66047851562507,54.24714843750007
2025-02-21 14:28:59.999,2823.2,2765.5095,2756.5996,2760.0156,2764.9229,2760.1165,57.69047851562482,58.27714843749982
2025-02-21 14:29:59.999,2821.6,2765.5095,2756.5996,2760.0156,2764.9229,2761.3403,56.09047851562491,56.67714843749991
2025-02-21 14:30:59.999,2799.62,2765.1543,2756.5996,2760.0156,2764.9229,2761.3403,34.46570312499989,34.69714843749989
2025-02-21 14:31:59.999,2800.58,2767.586,2756.5684,2762.967,2765.0847,2761.3403,32.99406249999993,35.49528320312493
2025-02-21 14:32:59.999,2799.71,2767.586,2756.5684,2762.967,2765.0847,2761.3403,32.124062500000036,34.625283203125036
2025-02-21 14:33:59.999,2795.37,2768.594,2756.5684,2763.1013,2765.9622,2761.3403,26.77600585937489,29.40784179687489
2025-02-21 14:34:59.999,2792.1,2768.594,2756.5684,2762.967,2765.0847,2761.3403,23.50600585937491,27.01528320312491
2025-02-21 14:35:59.999,2792.69,2768.594,2756.5684,2763.1013,2765.9622,2761.1982,24.096005859375055,26.727841796875055
2025-02-21 14:36:59.999,2787.16,2768.594,2756.5684,2763.1013,2765.9622,2766.655,18.566005859374854,21.197841796874854
2025-02-21 14:37:59.999,2782.28,2766.8752,2756.5684,2763.1013,2765.9622,2761.577,15.4047558593752,16.3178417968752
2025-02-21 14:38:59.999,2784.81,2765.8672,2755.3906,2762.967,2765.0847,2761.3403,18.942812499999945,19.725283203124945
2025-02-21 14:39:59.999,2781.4,2765.8672,2755.3906,2762.967,2765.0847,2761.3403,15.532812500000091,16.31528320312509
2025-02-21 14:40:59.999,2778.62,2765.8672,2755.3906,2762.967,2765.0847,2761.3403,12.75281249999989,13.53528320312489
2025-02-21 14:41:59.999,2790.1,2766.62,2751.21,2762.967,2765.0847,2761.3403,23.47988281249991,25.01528320312491
2025-02-21 14:42:59.999,2790.79,2765.2998,2751.21,2762.372,2765.0847,2761.3403,25.490195312499964,25.705283203124964
2025-02-21 14:43:59.999,2793.4,2763.0332,2751.21,2761.6482,2764.3257,2761.3403,30.36679687500009,29.07431640625009
2025-02-21 14:44:59.999,2795.41,2763.0332,2751.21,2761.6482,2764.3257,2761.3403,32.376796874999854,31.084316406249854
2025-02-21 14:45:59.999,2798.32,2759.998,2751.1519,2761.547,2764.3257,2761.3403,38.321953125000164,33.994316406250164
2025-02-21 14:46:59.999,2801.89,2759.998,2751.1519,2762.1243,2764.3257,2761.3403,41.89195312499987,37.56431640624987
2025-02-21 14:47:59.999,2804.3,2759.998,2751.1519,2763.3008,2764.1816,2761.3403,44.30195312500018,40.11835937500018
2025-02-21 14:48:59.999,2803.09,2757.036,2751.1519,2762.9,2764.1816,2761.3403,46.054111328125146,38.908359375000146
2025-02-21 14:49:59.999,2800.0,2756.8,2749.9297,2762.0999,2764.1816,2761.3403,43.199951171875,35.818359375
2025-02-21 14:50:59.999,2797.79,2756.8,2749.9297,2761.6501,2764.1816,2761.3403,40.989951171874964,33.608359374999964
2025-02-21 14:51:59.999,2799.39,2756.1008,2749.9297,2761.6501,2764.1816,2761.3403,43.28916992187487,35.20835937499987
2025-02-21 14:52:59.999,2802.21,2752.1743,2749.8066,2761.6501,2764.1816,2761.577,50.035683593750036,38.028359375000036
2025-02-21 14:53:59.999,2808.43,2750.5935,2749.2778,2761.6501,2765.059,2761.577,57.836494140624836,43.370917968749836
2025-02-21 14:54:59.999,2804.8,2750.5935,2749.2778,2761.6501,2763.837,2761.3403,54.20649414062518,40.96308593750018
2025-02-21 14:55:59.999,2802.14,2750.6638,2749.2778,2761.6501,2763.837,2761.577,51.47618164062487,38.30308593749987
2025-02-21 14:56:59.999,2800.36,2750.6638,2749.2778,2761.6501,2763.837,2761.3403,49.69618164062513,36.52308593750013
2025-02-21 14:57:59.999,2802.84,2750.4817,2749.025,2761.6501,2763.837,2761.577,52.358310546875146,39.003085937500146
2025-02-21 14:58:59.999,2806.62,2750.4817,2748.2744,2761.6501,2762.9595,2761.3403,56.13831054687489,43.66052734374989
2025-02-21 14:59:59.999,2807.0,2749.223,2745.038,2761.7844,2763.837,2761.577,57.777099609375,43.1630859375
2025-02-21 15:00:59.999,2806.6,2740.4614,2742.6714,2749.921,2755.0579,2761.318,66.13857421874991,51.54213867187491
2025-02-21 15:01:59.999,2808.43,2741.3262,2742.3975,2750.1858,2755.0579,2761.318,67.10382812499984,53.372138671874836
2025-02-21 15:02:59.999,2813.62,2742.2769,2744.0632,2750.1858,2755.0579,2761.1997,71.34314453124989,58.56213867187489
2025-02-21 15:03:59.999,2816.78,2742.371,2745.0486,2750.1858,2755.0579,2761.318,74.4089062500002,61.7221386718752
2025-02-21 15:04:59.999,2825.59,2742.3315,2745.323,2750.1858,2755.0579,2761.318,83.25845703125015,70.53213867187515
2025-02-21 15:05:59.999,2818.71,2742.3315,2747.1309,2750.1858,2755.0579,2761.318,76.37845703125004,63.652138671875036
2025-02-21 15:06:59.999,2819.5,2742.3315,2747.1309,2750.1858,2755.0579,2761.318,77.16845703125,64.442138671875
2025-02-21 15:07:59.999,2815.73,2742.3315,2747.1309,2750.1858,2755.0579,2761.318,73.39845703125002,60.67213867187502
2025-02-21 15:08:59.999,2821.59,2742.3315,2747.1309,2750.1858,2755.0579,2761.318,79.25845703125015,66.53213867187515
2025-02-21 15:09:59.999,2821.4,2742.3315,2747.8823,2750.1858,2755.0579,2761.318,79.06845703125009,66.34213867187509
2025-02-21 15:10:59.999,2826.21,2742.239,2747.8823,2750.1858,2754.1804,2761.0815,83.97098632812504,72.02958007812504
2025-02-21 15:11:59.999,2826.88,2742.239,2747.7354,2750.1858,2754.1804,2761.0815,84.64098632812511,72.69958007812511
2025-02-21 15:12:59.999,2825.59,2741.9377,2747.7354,2750.1858,2754.1804,2761.0815,83.65225585937515,71.40958007812515
2025-02-21 15:13:59.999,2824.3,2742.2346,2747.7668,2749.4888,2754.7358,2761.0815,82.06538085937518,69.56416015625018
2025-02-21 15:14:59.999,2827.71,2742.2346,2747.7668,2749.4888,2754.7358,2761.0815,85.47538085937504,72.97416015625004
2025-02-21 15:15:59.999,2826.79,2742.3174,2746.0996,2748.9497,2753.9968,2761.0815,84.47261718749996,72.79317382812496
2025-02-21 15:16:59.999,2828.19,2741.523,2746.1448,2749.0845,2754.0298,2761.0815,86.66705078125005,74.16021484375005
2025-02-21 15:17:59.999,2825.29,2741.523,2746.5474,2749.0845,2754.0298,2761.0815,83.76705078124996,71.26021484374996
2025-02-21 15:18:59.999,2828.1,2741.523,2746.5474,2749.0845,2754.0298,2761.0815,86.57705078124991,74.07021484374991
2025-02-21 15:19:59.999,2827.61,2741.4844,2746.449,2749.0845,2754.0298,2761.0815,86.12562500000013,73.58021484375013
2025-02-21 15:20:59.999,2823.63,2741.508,2746.5474,2749.0845,2754.9517,2761.0815,82.12194335937511,68.67833984375011
2025-02-21 15:21:59.999,2803.37,2741.508,2746.5474,2749.0845,2754.9517,2761.0815,61.86194335937489,48.41833984374989
2025-02-21 15:22:59.999,2795.68,2741.508,2746.5474,2749.0845,2754.9517,2761.0815,54.171943359374836,40.728339843749836
2025-02-21 15:23:59.999,2793.54,2741.7317,2747.0303,2750.457,2755.0771,2761.0815,51.808310546874964,38.462851562499964
2025-02-21 15:24:59.999,2789.09,2742.4175,2745.2922,2750.887,2755.0771,2761.0815,46.672519531250146,34.012851562500146
2025-02-21 15:25:59.999,2770.3,2742.4175,2745.2576,2750.887,2755.0771,2761.0815,27.882519531250182,15.222851562500182
2025-02-21 15:26:59.999,2776.67,2742.3293,2745.2576,2750.887,2755.0771,2761.0815,34.34065429687507,21.592851562500073
2025-02-21 15:27:59.999,2772.99,2742.3293,2745.1575,2750.887,2755.0771,2761.0815,30.66065429687478,17.91285156249978
2025-02-21 15:28:59.999,2784.24,2742.3293,2745.1575,2750.887,2755.0771,2761.0815,41.91065429687478,29.16285156249978
2025-02-21 15:29:59.999,2788.99,2742.4175,2747.0762,2750.887,2755.0771,2761.0815,46.57251953124978,33.91285156249978
2025-02-21 15:30:59.999,2774.71,2742.3357,2747.0762,2750.887,2755.0771,2761.0815,32.374306640625036,19.632851562500036
2025-02-21 15:31:59.999,2768.35,2742.4834,2747.0034,2750.887,2755.0771,2761.0815,25.86660156249991,13.272851562499909
2025-02-21 15:32:59.999,2767.87,2742.4834,2747.0034,2750.887,2755.0771,2761.0815,25.38660156249989,12.79285156249989
2025-02-21 15:33:59.999,2745.64,2742.1592,2746.9717,2751.584,2754.5217,2761.0815,3.4808203124998727,8.881728515625127
2025-02-21 15:34:59.999,2752.59,2742.3323,2746.8188,2751.584,2754.5217,2761.0815,10.257724609375146,1.9317285156248545
2025-02-21 15:35:59.999,2738.52,2742.1118,2746.8188,2751.584,2755.3992,2761.0815,3.591816406250018,16.879169921875018
2025-02-21 15:36:59.999,2742.02,2742.1118,2746.8188,2751.584,2755.3992,2761.318,0.09181640625001819,13.379169921875018
2025-02-21 15:37:59.999,2730.2,2742.1685,2746.8506,2750.887,2755.0771,2761.0815,11.968457031250182,24.877148437500182
2025-02-21 15:38:59.999,2732.49,2742.162,2744.7302,2750.887,2755.0771,2761.0815,9.672109375000218,22.58714843750022
2025-02-21 15:39:59.999,2728.35,2742.162,2744.7302,2750.887,2755.0771,2761.0815,13.812109375000091,26.72714843750009
2025-02-21 15:40:59.999,2717.51,2742.162,2744.7302,2750.887,2755.0771,2761.0815,24.65210937499978,37.56714843749978
2025-02-21 15:41:59.999,2721.44,2741.907,2744.7302,2750.887,2755.0771,2761.0815,20.466982421874945,33.637148437499945
2025-02-21 15:42:59.999,2709.8,2741.907,2744.7302,2750.887,2755.0771,2761.0815,32.10698242187482,45.27714843749982
2025-02-21 15:43:59.999,2693.68,2741.6643,2744.7302,2750.6865,2754.7627,2761.0815,47.984306640625164,61.082695312500164
2025-02-21 15:44:59.999,2724.77,2741.6643,2744.7302,2750.6865,2754.7627,2761.0815,16.894306640625018,29.992695312500018
2025-02-21 15:45:59.999,2715.96,2741.6985,2746.584,2750.5854,2754.7627,2761.0815,25.738486328124964,38.802695312499964
2025-02-21 15:46:59.999,2730.99,2741.6985,2746.584,2750.3,2754.7627,2761.0815,10.708486328125218,23.77269531250022
2025-02-21 15:47:59.999,2732.8,2741.7524,2746.584,2750.3,2754.6187,2761.0815,8.952441406249818,21.818652343749818
2025-02-21 15:48:59.999,2722.59,2741.1973,2746.584,2749.8992,2754.6187,2761.0815,18.607265624999854,32.028652343749854
2025-02-21 15:49:59.999,2712.65,2740.9075,2745.3618,2749.099,2754.6187,2761.0815,28.25747070312491,41.96865234374991
2025-02-21 15:50:59.999,2718.29,2740.9075,2745.3618,2749.099,2754.6187,2761.0815,22.617470703125036,36.328652343750036
2025-02-21 15:51:59.999,2724.69,2740.9402,2745.3618,2749.099,2754.6187,2761.0815,16.250185546874945,29.928652343749945
2025-02-21 15:52:59.999,2731.52,2740.4197,2745.2388,2749.099,2754.6187,2761.0815,8.899677734375018,23.098652343750018
2025-02-21 15:53:59.999,2739.41,2740.4197,2744.4395,2749.099,2754.6187,2761.0815,1.0096777343751455,15.208652343750146
2025-02-21 15:54:59.999,2727.71,2740.4197,2743.976,2749.099,2753.3965,2761.0815,12.709677734374964,25.686484374999964
2025-02-21 15:55:59.999,2721.88,2740.49,2743.976,2749.099,2753.3965,2761.0815,18.60999023437489,31.51648437499989
2025-02-21 15:56:59.999,2721.39,2740.49,2743.1187,2749.099,2753.3965,2761.0815,19.099990234375127,32.00648437500013
2025-02-21 15:57:59.999,2717.11,2740.3806,2741.7812,2749.099,2753.3965,2761.0815,23.270615234374873,36.28648437499987
2025-02-21 15:58:59.999,2717.23,2740.4731,2741.6377,2749.099,2753.3965,2761.0815,23.243144531249982,36.16648437499998
2025-02-21 15:59:59.999,2723.31,2740.426,2740.999,2751.3855,2753.7185,2761.0815,17.116025390625055,30.408505859375055
2025-02-21 16:00:59.999,2720.35,2740.825,2741.7512,2749.4958,2755.9985,2755.3635,20.47495117187509,35.64853515625009
2025-02-21 16:01:59.999,2713.64,2740.825,2742.8184,2749.7607,2755.121,2755.254,27.184951171875127,41.48109375000013
2025-02-21 16:02:59.999,2708.72,2741.7756,2741.0874,2749.7607,2755.121,2755.3635,33.0556347656252,46.4010937500002
2025-02-21 16:03:59.999,2713.7,2741.7786,2742.0728,2749.7607,2755.121,2755.3635,28.078564453125182,41.42109375000018
2025-02-21 16:04:59.999,2714.99,2742.5679,2743.0981,2749.7607,2755.121,2755.3635,27.57787109375022,40.13109375000022
2025-02-21 16:05:59.999,2705.99,2742.5908,2745.1067,2749.7607,2755.121,2755.3635,36.60082031250022,49.13109375000022
2025-02-21 16:06:59.999,2697.31,2742.5908,2745.1067,2749.7607,2755.121,2755.3635,45.280820312500055,57.811093750000055
2025-02-21 16:07:59.999,2708.05,2742.5908,2745.1067,2749.7607,2755.121,2755.3635,34.54082031249982,47.07109374999982
2025-02-21 16:08:59.999,2709.9,2742.5908,2745.9285,2749.7607,2755.6765,2755.3635,32.69082031249991,45.77651367187491
2025-02-21 16:09:59.999,2706.81,2742.5908,2747.2595,2748.6982,2755.6765,2755.3635,35.780820312500055,48.866513671875055
2025-02-21 16:10:59.999,2706.35,2743.3328,2747.2595,2749.5222,2755.6765,2755.3635,36.98276367187509,49.32651367187509
2025-02-21 16:11:59.999,2721.11,2743.3328,2747.4875,2749.5222,2755.6765,2755.3635,22.222763671874873,34.56651367187487
2025-02-21 16:12:59.999,2743.56,2743.4011,2747.4875,2749.7607,2755.9985,2755.3635,0.15887695312494543,12.438535156250055
2025-02-21 16:13:59.999,2737.81,2743.3054,2747.519,2749.0637,2756.5078,2755.3635,5.495419921875055,18.697812500000055
2025-02-21 16:14:59.999,2753.0,2743.3054,2747.519,2749.0637,2756.5078,2755.3635,9.694580078125,3.5078125
2025-02-21 16:15:59.999,2755.4,2743.3882,2745.8516,2748.5247,2755.7688,2755.3635,12.011816406250091,0.36879882812490905
2025-02-21 16:16:59.999,2752.28,2742.5938,2745.8967,2748.6594,2755.8018,2755.3635,9.6862500000002,3.5217578124998
2025-02-21 16:17:59.999,2746.63,2742.5938,2746.2993,2748.6594,2755.8018,2755.3635,4.036250000000109,9.17175781249989
2025-02-21 16:18:59.999,2763.39,2742.467,2746.358,2748.6594,2755.8018,2755.3635,20.922958984374873,7.588242187499873
2025-02-21 16:19:59.999,2758.03,2742.467,2746.156,2748.6594,2755.8018,2755.3635,15.5629589843752,2.2282421875002
2025-02-21 16:20:59.999,2761.46,2742.4521,2746.358,2748.6594,2756.1287,2755.3635,19.007851562500036,5.331337890625036
2025-02-21 16:21:59.999,2768.79,2742.4521,2746.358,2748.6594,2756.1287,2755.3635,26.337851562499964,12.661337890624964
2025-02-21 16:22:59.999,2766.84,2742.4521,2746.358,2748.6594,2756.1287,2755.3635,24.387851562500146,10.711337890625146
2025-02-21 16:23:59.999,2765.05,2742.6758,2746.8406,2750.032,2756.2542,2755.3635,22.374218750000182,8.795849609375182
2025-02-21 16:24:59.999,2759.82,2743.7996,2749.8928,2750.5728,2757.5825,2755.191,16.020439453125164,2.2374804687501637
2025-02-21 16:25:59.999,2754.56,2743.7996,2749.9841,2750.5728,2757.5825,2755.191,10.760439453124945,3.0225195312500546
2025-02-21 16:26:59.999,2747.63,2743.7996,2749.9841,2750.5728,2757.5825,2755.191,3.830439453125109,9.95251953124989
2025-02-21 16:27:59.999,2743.01,2743.7996,2749.3809,2750.5728,2757.5825,2755.191,0.7895605468747817,14.572519531249782
2025-02-21 16:28:59.999,2744.45,2743.7996,2749.3809,2750.5728,2757.5825,2755.191,0.6504394531248181,13.132519531250182
2025-02-21 16:29:59.999,2741.39,2743.4001,2746.6296,2750.462,2756.2542,2755.3635,2.0101464843751273,14.864150390625127
2025-02-21 16:30:59.999,2739.2,2743.4883,2746.5557,2750.462,2756.2542,2755.3635,4.288281250000182,17.054150390625182
2025-02-21 16:31:59.999,2746.2,2743.5269,2746.483,2750.462,2756.2542,2755.3635,2.673144531249818,10.054150390625182
2025-02-21 16:32:59.999,2746.83,2743.5269,2746.483,2750.462,2756.2542,2755.3635,3.3031445312499272,9.424150390625073
2025-02-21 16:33:59.999,2751.0,2743.5542,2746.4512,2751.159,2755.4229,2755.3635,7.44580078125,4.4228515625
2025-02-21 16:34:59.999,2751.81,2743.5269,2746.33,2750.462,2755.4229,2755.3635,8.283144531249945,3.6128515625000546
2025-02-21 16:35:59.999,2750.07,2742.5618,2746.2983,2751.159,2754.8674,2755.3635,7.508232421875164,4.797431640624836
2025-02-21 16:36:59.999,2742.8,2741.0625,2746.4019,2751.2932,2755.7449,2755.3635,1.737500000000182,12.944873046874818
2025-02-21 16:37:59.999,2739.3,2743.3596,2746.33,2750.462,2756.2542,2755.3635,4.059619140624818,16.954150390624818
2025-02-21 16:38:59.999,2744.7,2743.233,2746.347,2750.462,2756.2542,2755.191,1.467089843749818,11.554150390625182
2025-02-21 16:39:59.999,2746.1,2743.233,2746.347,2750.462,2756.2542,2755.191,2.867089843749909,10.154150390625091
2025-02-21 16:40:59.999,2747.94,2743.233,2746.347,2750.462,2756.2542,2755.191,4.707089843750055,8.314150390624945
2025-02-21 16:41:59.999,2749.05,2743.2734,2746.3606,2750.5728,2756.476,2755.191,5.776562500000182,7.426074218749818
2025-02-21 16:42:59.999,2746.1,2743.3772,2748.896,2750.5728,2757.5825,2755.191,2.722802734374909,11.482519531250091
2025-02-21 16:43:59.999,2743.49,2742.735,2746.1448,2750.2615,2755.9397,2755.191,0.7548925781247817,12.449697265625218
2025-02-21 16:44:59.999,2738.4,2742.735,2746.1448,2750.2615,2755.9397,2755.191,4.335107421874909,17.53969726562491
2025-02-21 16:45:59.999,2737.85,2743.1345,2748.838,2750.2712,2757.268,2755.191,5.284521484375091,19.41806640625009
2025-02-21 16:46:59.999,2732.89,2743.1345,2748.838,2749.9858,2757.268,2755.191,10.244521484375127,24.378066406250127
2025-02-21 16:47:59.999,2731.0,2743.1345,2748.4946,2749.9858,2757.124,2755.571,12.134521484375,26.1240234375
2025-02-21 16:48:59.999,2731.42,2742.5793,2748.4946,2749.585,2757.124,2755.571,11.159345703124927,25.704023437499927
2025-02-21 16:49:59.999,2730.1,2742.3435,2747.982,2748.785,2757.124,2755.571,12.243505859375091,27.02402343750009
2025-02-21 16:50:59.999,2728.01,2742.3435,2747.982,2748.785,2757.124,2755.571,14.333505859374782,29.11402343749978
2025-02-21 16:51:59.999,2728.0,2742.3762,2747.982,2748.785,2757.124,2755.571,14.376220703125,29.1240234375
2025-02-21 16:52:59.999,2728.32,2742.0042,2747.877,2748.8423,2757.4197,2755.571,13.684150390624836,29.099677734374836
2025-02-21 16:53:59.999,2730.58,2742.0264,2747.4897,2748.8423,2756.9136,2755.571,11.446367187500073,26.333574218750073
2025-02-21 16:54:59.999,2729.6,2742.0264,2747.0264,2748.8423,2756.9136,2755.571,12.426367187500091,27.31357421875009
2025-02-21 16:55:59.999,2732.6,2742.0967,2747.0264,2748.8423,2756.9136,2755.571,9.496679687500091,24.31357421875009
2025-02-21 16:56:59.999,2735.11,2742.0967,2746.169,2748.8423,2756.9136,2756.4966,6.986679687499873,21.803574218749873
2025-02-21 16:57:59.999,2736.09,2742.0706,2745.1167,2748.8423,2756.9136,2755.571,5.9805566406248545,20.823574218749854
2025-02-21 16:58:59.999,2737.48,2742.1006,2745.8506,2748.9465,2757.806,2755.571,4.620585937499982,20.325908203124982
2025-02-21 16:59:59.999,2736.78,2741.544,2742.526,2748.674,2754.5735,2755.571,4.7639453124998,17.7934863281248
2025-02-21 17:00:59.999,2733.4,2740.2837,2748.3494,2750.6392,2760.6394,2748.883,6.883691406249909,27.23940429687491
2025-02-21 17:01:59.999,2742.09,2739.2346,2746.6882,2750.6526,2760.6394,2748.883,2.8553808593751455,18.549404296874854
2025-02-21 17:02:59.999,2734.49,2740.611,2747.3,2750.6526,2760.6394,2748.883,6.121083984375218,26.14940429687522
2025-02-21 17:03:59.999,2732.79,2740.7053,2750.3435,2750.6526,2760.6394,2748.7104,7.915322265625036,27.849404296875036
2025-02-21 17:04:59.999,2732.41,2742.5588,2750.2795,2750.6526,2760.6394,2748.7104,10.148837890625146,28.229404296875146
2025-02-21 17:05:59.999,2735.68,2742.5588,2752.1545,2750.6526,2760.6394,2748.7104,6.878837890625164,24.959404296875164
2025-02-21 17:06:59.999,2736.35,2742.5588,2752.1545,2750.6526,2760.6394,2748.7104,6.208837890625091,24.28940429687509
2025-02-21 17:07:59.999,2735.1,2742.5588,2752.1545,2750.6526,2760.6394,2748.7104,7.458837890625091,25.53940429687509
2025-02-21 17:08:59.999,2726.32,2742.5588,2751.56,2750.6526,2760.6394,2748.7104,16.238837890624836,34.319404296874836
2025-02-21 17:09:59.999,2723.5,2742.5588,2752.4463,2750.6526,2760.6394,2748.7104,19.058837890625,37.139404296875
2025-02-21 17:10:59.999,2717.27,2743.8528,2752.4463,2750.6526,2760.6394,2749.0906,26.582783203125018,43.36940429687502
2025-02-21 17:11:59.999,2716.99,2743.8528,2752.576,2750.6526,2760.6394,2749.0906,26.86278320312522,43.64940429687522
2025-02-21 17:12:59.999,2716.8,2743.8528,2752.576,2750.6526,2760.6394,2749.0906,27.052783203124818,43.83940429687482
2025-02-21 17:13:59.999,2716.7,2744.2522,2752.2737,2752.5085,2760.9006,2749.0906,27.552197265625182,44.20063476562518
2025-02-21 17:14:59.999,2718.8,2744.2522,2752.511,2752.5085,2761.2998,2749.0906,25.452197265624818,42.49980468749982
2025-02-21 17:15:59.999,2710.45,2744.335,2751.1865,2750.1135,2760.5215,2749.0906,33.88496093750018,50.07148437500018
2025-02-21 17:16:59.999,2712.69,2743.5405,2751.2317,2750.3591,2760.5544,2749.0906,30.850527343749945,47.864443359374945
2025-02-21 17:17:59.999,2715.49,2743.5405,2751.8806,2750.3591,2760.5544,2749.0906,28.05052734375022,45.06444335937522
2025-02-21 17:18:59.999,2713.6,2743.5405,2752.1252,2750.5461,2760.5544,2749.0906,29.94052734375009,46.95444335937509
2025-02-21 17:19:59.999,2708.85,2743.5405,2752.1252,2750.5461,2760.8157,2749.0906,34.69052734375009,51.96567382812509
2025-02-21 17:20:59.999,2705.99,2743.5256,2752.1252,2750.3591,2760.8813,2749.0906,37.53563476562522,54.89134765625022
2025-02-21 17:21:59.999,2707.31,2743.5256,2752.1252,2750.5461,2760.8157,2749.0906,36.215634765625055,53.505673828125055
2025-02-21 17:22:59.999,2710.4,2743.5256,2752.1252,2750.5461,2760.8157,2749.0906,33.12563476562491,50.41567382812491
2025-02-21 17:23:59.999,2710.25,2743.7493,2752.608,2751.9187,2760.9412,2749.0906,33.499267578125,50.691162109375
2025-02-21 17:24:59.999,2709.48,2744.4736,2752.608,2752.3486,2760.9412,2749.0906,34.99363281249998,51.46116210937498
2025-02-21 17:25:59.999,2717.39,2744.4736,2752.6992,2752.3486,2760.9412,2749.0906,27.083632812500127,43.55116210937513
2025-02-21 17:26:59.999,2709.69,2744.4736,2752.6992,2752.3486,2760.9412,2749.0906,34.783632812499945,51.251162109374945
2025-02-21 17:27:59.999,2703.89,2744.4736,2752.599,2752.3486,2760.9412,2749.0906,40.58363281250013,57.05116210937513
2025-02-21 17:28:59.999,2707.71,2744.4736,2752.599,2752.3486,2760.9412,2749.0906,36.763632812499964,53.231162109374964
2025-02-21 17:29:59.999,2705.81,2744.0742,2752.3562,2752.0508,2760.785,2748.7104,38.264218750000055,54.974912109375055
2025-02-21 17:30:59.999,2704.9,2744.201,2751.6377,2752.0508,2760.785,2748.883,39.30092773437491,55.88491210937491
2025-02-21 17:31:59.999,2695.59,2744.201,2751.5645,2752.0508,2760.785,2748.883,48.610927734374854,65.19491210937485
2025-02-21 17:32:59.999,2691.06,2744.201,2751.5645,2752.0508,2760.785,2748.883,53.140927734375055,69.72491210937505
2025-02-21 17:33:59.999,2681.6,2743.887,2751.5645,2752.0508,2759.9536,2748.883,62.28696289062509,78.35361328125009
2025-02-21 17:34:59.999,2681.72,2744.201,2751.4116,2752.0508,2760.785,2748.883,62.4809277343752,79.0649121093752
2025-02-21 17:35:59.999,2676.93,2743.887,2751.4116,2752.0508,2759.9536,2748.883,66.95696289062516,83.02361328125016
2025-02-21 17:36:59.999,2667.5,2742.297,2751.3804,2752.882,2760.2756,2748.883,74.797119140625,92.775634765625
2025-02-21 17:37:59.999,2663.2,2743.995,2751.4116,2752.0508,2760.785,2748.883,80.79511718750018,97.58491210937518
2025-02-21 17:38:59.999,2662.4,2744.3064,2752.1143,2752.1616,2761.0068,2749.0906,81.90639648437491,98.60683593749991
2025-02-21 17:39:59.999,2655.24,2744.3064,2752.1143,2752.1616,2761.0068,2749.0906,89.06639648437522,105.76683593750022
2025-02-21 17:40:59.999,2664.9,2744.3064,2752.1143,2752.1616,2761.0068,2749.0906,79.40639648437491,96.10683593749991
2025-02-21 17:41:59.999,2671.45,2744.2395,2752.1143,2752.3486,2760.9412,2749.0906,72.78950195312518,89.49116210937518
2025-02-21 17:42:59.999,2670.19,2744.2395,2752.1143,2752.3486,2760.9412,2749.0906,74.04950195312495,90.75116210937495
2025-02-21 17:43:59.999,2671.89,2743.9968,2752.1143,2752.8828,2760.9412,2749.0906,72.10682617187513,89.05116210937513
2025-02-21 17:44:59.999,2667.79,2743.9968,2752.1143,2752.8828,2760.9412,2749.0906,76.20682617187504,93.15116210937504
2025-02-21 17:45:59.999,2665.21,2743.9968,2752.0562,2752.7817,2760.9412,2749.0906,78.78682617187496,95.73116210937496
2025-02-21 17:46:59.999,2671.6,2743.9968,2752.0562,2752.4963,2760.9412,2749.0906,72.39682617187509,89.34116210937509
2025-02-21 17:47:59.999,2671.99,2743.9968,2752.0562,2752.3093,2760.8628,2749.0906,72.00682617187522,88.87279296875022
2025-02-21 17:48:59.999,2676.41,2743.0422,2752.0154,2751.7976,2760.6409,2749.0906,66.63223632812515,84.23086914062515
2025-02-21 17:49:59.999,2670.49,2742.8064,2751.529,2750.9976,2760.6409,2749.0906,72.31639648437522,90.15086914062522
2025-02-21 17:50:59.999,2670.98,2742.8064,2751.529,2750.9976,2760.6409,2749.0906,71.82639648437498,89.66086914062498
2025-02-21 17:51:59.999,2675.0,2742.839,2751.529,2750.9976,2760.6409,2749.0906,67.839111328125,85.640869140625
2025-02-21 17:52:59.999,2671.75,2742.8887,2751.795,2751.1084,2760.8628,2749.0906,71.138671875,89.11279296875
2025-02-21 17:53:59.999,2674.49,2742.8887,2751.4077,2751.1658,2760.6523,2750.016,68.39867187500022,86.16234375000022
2025-02-21 17:54:59.999,2673.51,2742.8887,2751.4077,2751.1658,2760.6523,2750.016,69.37867187499978,87.14234374999978
2025-02-21 17:55:59.999,2678.05,2742.959,2751.4077,2751.1658,2760.6523,2750.016,64.90898437499982,82.60234374999982
2025-02-21 17:56:59.999,2675.31,2742.959,2751.1548,2751.1658,2760.6523,2750.016,67.64898437500005,85.34234375000005
2025-02-21 17:57:59.999,2675.62,2742.9656,2750.9888,2751.1658,2760.6523,2749.0906,67.34557617187511,85.03234375000011
2025-02-21 17:58:59.999,2674.12,2742.9329,2750.8452,2751.1658,2760.6523,2749.0906,68.81286132812511,86.53234375000011
2025-02-21 17:59:59.999,2672.65,2742.12,2748.955,2750.9976,2759.6187,2748.883,69.47011718749991,86.96865234374991
2025-02-21 18:00:59.999,2671.62,2749.7874,2747.8662,2754.2974,2765.8003,2744.4597,78.16735351562511,94.18029296875011
2025-02-21 18:01:59.999,2666.54,2750.0457,2748.2075,2762.1384,2765.2449,2744.4597,83.50565429687504,98.70487304687504
2025-02-21 18:02:59.999,2669.04,2751.2793,2749.5713,2762.1384,2765.8003,2744.4597,82.23929687500004,96.76029296875004
2025-02-21 18:03:59.999,2669.2,2751.3735,2750.398,2754.7693,2765.8003,2744.4597,82.17353515625018,96.60029296875018
2025-02-21 18:04:59.999,2664.79,2751.8684,2750.3613,2754.7693,2765.8003,2744.4597,87.07840820312504,101.01029296875004
2025-02-21 18:05:59.999,2673.48,2751.4858,2752.6067,2754.3108,2765.8003,2744.4597,78.00583984374998,92.32029296874998
2025-02-21 18:06:59.999,2683.21,2751.4858,2752.6067,2754.3108,2765.8003,2744.4597,68.27583984374996,82.59029296874996
2025-02-21 18:07:59.999,2682.22,2751.4858,2752.6067,2754.3108,2765.8003,2744.4597,69.2658398437502,83.5802929687502
2025-02-21 18:08:59.999,2678.52,2752.0347,2752.2366,2754.3108,2766.6316,2744.4597,73.51466796875002,88.11159179687502
2025-02-21 18:09:59.999,2677.34,2752.0347,2753.5676,2754.3108,2766.6316,2744.4597,74.69466796874985,89.29159179687485
2025-02-21 18:10:59.999,2672.02,2752.0347,2753.5676,2754.3108,2766.6316,2744.4597,80.01466796875002,94.61159179687502
2025-02-21 18:11:59.999,2672.3,2752.0347,2753.7957,2754.3108,2766.6316,2744.4597,79.73466796874982,94.33159179687482
2025-02-21 18:12:59.999,2676.25,2751.841,2754.2332,2754.3108,2765.8003,2744.4597,75.591064453125,89.55029296875
2025-02-21 18:13:59.999,2674.58,2751.8684,2754.7915,2754.7693,2765.8003,2744.4597,77.28840820312507,91.22029296875007
2025-02-21 18:14:59.999,2674.61,2751.841,2754.4705,2754.3108,2766.1995,2744.4597,77.23106445312487,91.58946289062487
2025-02-21 18:15:59.999,2679.39,2751.6765,2751.2717,2753.7717,2766.2917,2744.4597,72.28651367187513,86.90174804687513
2025-02-21 18:16:59.999,2679.93,2751.323,2752.8481,2753.9065,2766.3247,2744.4597,71.39299804687516,86.39470703125016
2025-02-21 18:17:59.999,2682.0,2751.323,2753.497,2753.9065,2766.3247,2744.4597,69.322998046875,84.32470703125
2025-02-21 18:18:59.999,2686.8,2750.794,2751.8977,2753.9065,2766.3247,2744.4597,63.99394531249982,79.52470703124982
2025-02-21 18:19:59.999,2684.4,2750.794,2751.6958,2753.9065,2766.3247,2744.4597,66.39394531249991,81.92470703124991
2025-02-21 18:20:59.999,2681.5,2750.779,2751.8977,2753.9065,2766.6516,2744.4597,69.279052734375,85.151611328125
2025-02-21 18:21:59.999,2682.46,2750.779,2751.8977,2753.9065,2766.6516,2744.4597,68.31905273437496,84.19161132812496
2025-02-21 18:22:59.999,2686.94,2750.779,2751.6958,2753.9065,2766.6516,2744.4597,63.839052734374945,79.71161132812495
2025-02-21 18:23:59.999,2687.27,2751.0027,2752.1785,2755.279,2766.777,2744.4597,63.73268554687502,79.50709960937502
2025-02-21 18:24:59.999,2686.49,2752.1265,2752.4214,2755.8198,2766.999,2744.287,65.63646484375022,80.50902343750022
2025-02-21 18:25:59.999,2691.24,2752.1265,2752.5127,2755.8198,2766.999,2744.287,60.88646484375022,75.75902343750022
2025-02-21 18:26:59.999,2685.51,2752.1265,2752.5127,2755.8198,2766.999,2744.287,66.61646484374978,81.48902343749978
2025-02-21 18:27:59.999,2686.85,2752.1265,2752.412,2755.8198,2766.999,2744.287,65.27646484375009,80.14902343750009
2025-02-21 18:28:59.999,2686.04,2752.1265,2752.412,2755.8198,2766.999,2744.287,66.08646484375004,80.95902343750004
2025-02-21 18:29:59.999,2683.0,2752.1265,2752.412,2755.8198,2766.999,2744.278,69.12646484375,83.9990234375
2025-02-21 18:30:59.999,2678.29,2752.0625,2754.3416,2755.709,2765.9458,2744.4597,73.77250000000004,87.65580078125004
2025-02-21 18:31:59.999,2672.06,2751.727,2752.347,2755.709,2766.777,2744.4597,79.66705078125005,94.71709960937505
2025-02-21 18:32:59.999,2676.0,2751.727,2752.347,2755.709,2766.777,2744.4597,75.72705078125,90.777099609375
2025-02-21 18:33:59.999,2679.16,2752.0625,2754.2688,2755.709,2765.9458,2744.4597,72.90250000000015,86.78580078125015
2025-02-21 18:34:59.999,2679.0,2751.727,2752.194,2755.709,2766.777,2744.4597,72.72705078125,87.777099609375
2025-02-21 18:35:59.999,2679.41,2752.256,2752.6926,2755.709,2766.777,2744.4597,72.84610351562515,87.36709960937515
2025-02-21 18:36:59.999,2684.99,2751.7073,2752.6926,2755.709,2765.9458,2744.4597,66.71727539062522,80.95580078125022
2025-02-21 18:37:59.999,2689.2,2751.5598,2751.9924,2755.709,2766.777,2744.4597,62.35981445312518,77.57709960937518
2025-02-21 18:38:59.999,2688.44,2751.9592,2751.9272,2756.0068,2766.9333,2744.6672,63.519228515624945,78.49334960937495
2025-02-21 18:39:59.999,2685.62,2751.9592,2751.9272,2755.8198,2766.999,2744.6672,66.33922851562511,81.37902343750011
2025-02-21 18:40:59.999,2688.19,2751.9592,2751.9272,2755.8198,2766.999,2744.6672,63.769228515624945,78.80902343749995
2025-02-21 18:41:59.999,2683.7,2751.8923,2751.9272,2755.8198,2766.999,2744.6672,68.19233398437518,83.29902343750018
2025-02-21 18:42:59.999,2686.01,2751.8923,2751.9272,2756.0068,2766.999,2744.6672,65.88233398437478,80.98902343749978
2025-02-21 18:43:59.999,2683.61,2751.6702,2752.6182,2756.354,2766.999,2744.6672,68.06016601562487,83.38902343749987
2025-02-21 18:44:59.999,2683.0,2751.6702,2752.6182,2756.354,2766.999,2744.6672,68.670166015625,83.9990234375
2025-02-21 18:45:59.999,2685.61,2751.6702,2752.56,2756.253,2766.999,2744.287,66.06016601562487,81.38902343749987
2025-02-21 18:46:59.999,2684.5,2751.6702,2752.56,2755.4077,2766.999,2744.6672,67.170166015625,82.4990234375
2025-02-21 18:47:59.999,2683.21,2751.6702,2752.56,2755.4077,2766.855,2744.287,68.46016601562496,83.64498046874996
2025-02-21 18:48:59.999,2683.18,2750.7156,2752.5193,2754.896,2766.633,2744.287,67.53557617187516,83.45305664062516
2025-02-21 18:49:59.999,2682.64,2750.4797,2752.235,2754.096,2766.633,2744.287,67.83973632812513,83.99305664062513
2025-02-21 18:50:59.999,2681.25,2750.514,2752.8328,2754.096,2766.633,2744.287,69.263916015625,85.383056640625
2025-02-21 18:51:59.999,2682.6,2750.5466,2752.8328,2754.096,2766.633,2744.287,67.94663085937509,84.03305664062509
2025-02-21 18:52:59.999,2684.4,2750.562,2752.1528,2754.2642,2766.6445,2744.6672,66.16201171874991,82.24453124999991
2025-02-21 18:53:59.999,2685.43,2750.562,2751.7656,2754.2642,2766.6445,2744.6672,65.13201171875016,81.21453125000016
2025-02-21 18:54:59.999,2685.39,2750.562,2751.7656,2754.2642,2766.6445,2744.6672,65.17201171875013,81.25453125000013
2025-02-21 18:55:59.999,2684.81,2750.6323,2751.7656,2754.2642,2766.6445,2744.6672,65.82232421875005,81.83453125000005
2025-02-21 18:56:59.999,2681.1,2750.6323,2751.5127,2754.2642,2766.6445,2744.6672,69.53232421875009,85.54453125000009
2025-02-21 18:57:59.999,2680.0,2750.639,2751.3467,2754.2642,2766.6445,2744.6672,70.638916015625,86.64453125
2025-02-21 18:58:59.999,2681.4,2750.639,2751.2031,2754.2642,2766.6445,2745.5928,69.23891601562491,85.24453124999991
2025-02-21 18:59:59.999,2679.22,2749.7656,2750.9255,2754.096,2765.6108,2744.4597,70.5456250000002,86.3908398437502
2025-02-21 19:00:59.999,2677.14,2757.4583,2754.0388,2760.3052,2766.7437,2744.418,80.31825195312513,89.60365234375013
2025-02-21 19:01:59.999,2681.68,2757.9697,2755.321,2760.3186,2767.005,2744.8088,76.28972656250016,85.32488281250016
2025-02-21 19:02:59.999,2684.71,2758.2888,2755.6616,2762.469,2767.005,2744.8088,73.57881835937496,82.29488281249996
2025-02-21 19:03:59.999,2682.68,2758.383,2756.1895,2762.469,2767.005,2744.8088,75.70305664062516,84.32488281250016
2025-02-21 19:04:59.999,2681.01,2757.7761,2756.9468,2762.469,2767.005,2744.8088,76.76612304687478,85.99488281249978
2025-02-21 19:05:59.999,2681.03,2757.7761,2757.6377,2762.469,2767.005,2744.8088,76.7461230468748,85.9748828124998
2025-02-21 19:06:59.999,2683.96,2757.7761,2757.6377,2762.469,2767.005,2744.8088,73.81612304687496,83.04488281249996
2025-02-21 19:07:59.999,2681.99,2757.7761,2757.6377,2762.469,2767.005,2744.8088,75.78612304687522,85.01488281250022
2025-02-21 19:08:59.999,2680.46,2757.7761,2757.1238,2760.3186,2766.7437,2744.8088,77.31612304687496,86.28365234374996
2025-02-21 19:09:59.999,2681.51,2757.7761,2756.9036,2760.3186,2766.7437,2744.8088,76.26612304687478,85.23365234374978
2025-02-21 19:10:59.999,2679.59,2757.7761,2756.9036,2760.3186,2766.7437,2744.8088,78.18612304687485,87.15365234374985
2025-02-21 19:11:59.999,2678.9,2757.7761,2756.8848,2760.3186,2766.7437,2744.8088,78.87612304687491,87.84365234374991
2025-02-21 19:12:59.999,2681.29,2757.7761,2757.0286,2762.1748,2767.005,2744.8088,76.48612304687504,85.71488281250004
2025-02-21 19:13:59.999,2681.9,2757.7761,2757.0286,2763.4236,2767.005,2744.8088,75.87612304687491,85.10488281249991
2025-02-21 19:14:59.999,2678.51,2757.7761,2757.8562,2763.4236,2767.404,2744.8088,79.26612304687478,88.89405273437478
2025-02-21 19:15:59.999,2670.7,2757.859,2756.532,2761.0283,2766.6257,2744.2454,87.15888671875018,95.92573242187518
2025-02-21 19:16:59.999,2669.08,2757.0645,2757.4233,2760.6511,2766.6587,2744.2454,87.98445312500007,97.57869140625007
2025-02-21 19:17:59.999,2661.11,2757.0645,2758.88,2760.6511,2768.2585,2744.418,95.95445312499987,107.14854492187487
2025-02-21 19:18:59.999,2660.33,2757.0645,2758.2783,2760.6511,2768.2585,2744.418,96.73445312500007,107.92854492187507
2025-02-21 19:19:59.999,2655.72,2757.0645,2758.2783,2760.6511,2768.2585,2744.2454,101.3444531250002,112.5385449218752
2025-02-21 19:20:59.999,2654.09,2759.566,2758.728,2760.6511,2768.5854,2744.418,105.47591796874985,114.49544921874985
2025-02-21 19:21:59.999,2654.8,2759.6697,2758.2783,2760.6511,2768.5854,2744.418,104.86967773437482,113.78544921874982
2025-02-21 19:22:59.999,2656.5,2759.6697,2758.2783,2760.6511,2768.5854,2744.2454,103.169677734375,112.08544921875
2025-02-21 19:23:59.999,2653.7,2759.8933,2759.1401,2762.0237,2768.711,2744.2454,106.19331054687518,115.01093750000018
2025-02-21 19:24:59.999,2649.4,2760.6177,2759.1401,2762.4536,2768.711,2744.2454,111.21767578124991,119.31093749999991
2025-02-21 19:25:59.999,2650.02,2760.6177,2759.2314,2762.4536,2768.711,2744.8088,110.59767578125002,118.69093750000002
2025-02-21 19:26:59.999,2641.74,2760.6177,2759.2314,2762.4536,2768.711,2744.2454,118.87767578125022,126.97093750000022
2025-02-21 19:27:59.999,2649.13,2760.6177,2759.4272,2762.4536,2768.711,2744.2454,111.48767578124989,119.58093749999989
2025-02-21 19:28:59.999,2652.25,2760.6177,2759.4272,2762.4536,2768.711,2744.2454,108.36767578125,116.4609375
2025-02-21 19:29:59.999,2646.09,2760.6177,2759.4272,2762.4536,2768.711,2744.2454,114.52767578124985,122.62093749999985
2025-02-21 19:30:59.999,2645.39,2760.602,2760.5627,2762.3428,2768.489,2744.418,115.21205078125013,123.09901367187513
2025-02-21 19:31:59.999,2647.32,2760.514,2759.4475,2762.3428,2768.489,2744.418,113.19391601562484,121.16901367187484
2025-02-21 19:32:59.999,2651.48,2760.514,2759.4475,2762.3428,2768.489,2744.418,109.03391601562498,117.00901367187498
2025-02-21 19:33:59.999,2658.99,2759.641,2762.6516,2762.3428,2767.811,2744.418,100.65111328125022,108.82103515625022
2025-02-21 19:34:59.999,2655.71,2759.112,2759.2947,2762.3428,2767.811,2744.2454,103.40206054687496,112.10103515624996
2025-02-21 19:35:59.999,2657.46,2759.112,2759.4968,2762.3428,2767.811,2744.2454,101.65206054687496,110.35103515624996
2025-02-21 19:36:59.999,2655.1,2759.641,2760.633,2762.3428,2767.811,2744.418,104.54111328125009,112.71103515625009
2025-02-21 19:37:59.999,2648.25,2759.0486,2759.5376,2762.4536,2768.033,2744.2454,110.798583984375,119.782958984375
2025-02-21 19:38:59.999,2639.64,2759.0486,2759.058,2762.6406,2767.9673,2744.8088,119.40858398437513,128.32728515625013
2025-02-21 19:39:59.999,2637.19,2759.0486,2759.058,2762.6406,2767.9673,2744.8088,121.85858398437495,130.77728515624995
2025-02-21 19:40:59.999,2635.59,2759.0486,2759.058,2762.6406,2767.9673,2744.8088,123.45858398437485,132.37728515624985
2025-02-21 19:41:59.999,2631.01,2758.9817,2759.058,2762.6406,2767.9673,2744.8088,127.97168945312478,136.95728515624978
2025-02-21 19:42:59.999,2626.76,2758.9817,2759.058,2762.6406,2767.9673,2744.8088,132.22168945312478,141.20728515624978
2025-02-21 19:43:59.999,2639.0,2758.7595,2759.749,2763.1748,2767.9673,2744.8088,119.759521484375,128.96728515625
2025-02-21 19:44:59.999,2635.4,2758.7595,2759.749,2763.1748,2767.9673,2744.8088,123.35952148437491,132.5672851562499
2025-02-21 19:45:59.999,2629.7,2758.7595,2759.3457,2763.0737,2767.9673,2744.8088,129.05952148437518,138.26728515625018
2025-02-21 19:46:59.999,2631.08,2758.7595,2759.3457,2762.1924,2767.9673,2744.8088,127.67952148437507,136.88728515625007
2025-02-21 19:47:59.999,2627.85,2758.7595,2759.3457,2762.1924,2767.8232,2744.8088,130.9095214843751,139.9732421875001
2025-02-21 19:48:59.999,2634.09,2758.2043,2759.3457,2761.6045,2767.889,2744.8088,124.11434570312485,133.79891601562485
2025-02-21 19:49:59.999,2630.8,2757.9685,2758.8325,2760.8044,2767.889,2744.8088,127.16850585937482,137.08891601562482
2025-02-21 19:50:59.999,2636.51,2757.9685,2758.8325,2760.8044,2767.889,2744.8088,121.45850585937478,131.37891601562478
2025-02-21 19:51:59.999,2648.54,2757.666,2758.8325,2760.8044,2767.889,2744.8088,109.12601562500004,119.34891601562504
2025-02-21 19:52:59.999,2645.0,2757.3162,2758.9385,2760.8618,2767.6785,2745.7344,112.316162109375,122.678466796875
2025-02-21 19:53:59.999,2645.62,2757.3162,2758.4546,2760.8618,2767.6785,2745.7344,111.69616210937511,122.05846679687511
2025-02-21 19:54:59.999,2637.2,2757.3162,2758.5479,2760.8618,2767.6785,2745.7344,120.11616210937518,130.47846679687518
2025-02-21 19:55:59.999,2636.99,2757.3865,2758.5479,2760.8618,2767.6785,2745.7344,120.39647460937522,130.68846679687522
2025-02-21 19:56:59.999,2639.69,2756.8108,2758.711,2760.8618,2767.6785,2745.7344,117.12079101562495,127.98846679687495
2025-02-21 19:57:59.999,2638.44,2757.316,2758.6416,2760.8618,2767.6785,2745.7344,118.87591796874995,129.23846679687495
2025-02-21 19:58:59.999,2640.23,2756.7847,2758.5554,2760.9663,2768.215,2745.7344,116.55466796874998,127.98508789062498
2025-02-21 19:59:59.999,2640.19,2755.6545,2759.801,2760.6936,2766.6448,2744.418,115.46454101562495,126.45477539062495
2025-02-21 20:00:59.999,2643.29,2757.0234,2757.8923,2761.3955,2769.2527,2754.1125,113.73343750000004,125.96268554687504
2025-02-21 20:01:59.999,2641.21,2758.0168,2759.05,2762.7651,2769.514,2754.122,116.80684570312496,128.30391601562496
2025-02-21 20:02:59.999,2645.11,2758.336,2760.2102,2763.5593,2769.514,2754.122,113.22593749999987,124.40391601562487
2025-02-21 20:03:59.999,2646.36,2758.4302,2760.8406,2763.5593,2769.514,2754.122,112.07017578124987,123.15391601562487
2025-02-21 20:04:59.999,2649.5,2758.7036,2761.598,2763.5593,2769.514,2754.122,109.20361328125,120.013916015625
2025-02-21 20:05:59.999,2648.49,2758.7036,2762.5327,2763.5593,2769.514,2754.122,110.21361328125022,121.02391601562522
2025-02-21 20:06:59.999,2653.53,2758.7036,2762.5327,2763.5593,2769.514,2754.122,105.1736132812498,115.9839160156248
2025-02-21 20:07:59.999,2653.89,2758.7036,2762.5327,2763.5593,2769.514,2754.122,104.81361328125013,115.62391601562513
2025-02-21 20:08:59.999,2651.72,2758.7036,2762.5327,2763.5593,2769.514,2754.122,106.9836132812502,117.7939160156252
2025-02-21 20:09:59.999,2653.28,2758.7036,2762.6577,2763.5593,2769.514,2754.122,105.4236132812498,116.2339160156248
2025-02-21 20:10:59.999,2651.7,2758.7036,2762.514,2761.409,2769.2527,2754.122,107.00361328125018,117.55268554687518
2025-02-21 20:11:59.999,2656.29,2758.7036,2762.495,2761.409,2769.2527,2754.122,102.41361328125004,112.96268554687504
2025-02-21 20:12:59.999,2659.3,2758.7036,2762.639,2763.2651,2769.514,2754.122,99.40361328124982,110.21391601562482
2025-02-21 20:13:59.999,2657.28,2758.7036,2762.639,2763.3455,2769.514,2754.122,101.4236132812498,112.2339160156248
2025-02-21 20:14:59.999,2655.4,2758.7036,2763.4666,2763.3455,2769.913,2754.122,103.30361328124991,114.51308593749991
2025-02-21 20:15:59.999,2656.77,2758.7864,2762.1152,2761.3328,2769.396,2754.122,102.01637695312502,112.62599609375002
2025-02-21 20:16:59.999,2654.99,2757.992,2762.1604,2760.76,2769.429,2754.122,103.00194335937522,114.43895507812522
2025-02-21 20:17:59.999,2654.48,2757.992,2763.2144,2760.76,2770.0557,2754.1035,103.51194335937498,115.57566406249998
2025-02-21 20:18:59.999,2655.89,2757.992,2763.2144,2760.76,2770.0557,2754.1125,102.10194335937513,114.16566406250013
2025-02-21 20:19:59.999,2654.01,2757.992,2763.2144,2760.76,2770.0557,2754.122,103.98194335937478,116.04566406249978
2025-02-21 20:20:59.999,2649.24,2756.3809,2763.435,2760.76,2770.0557,2754.122,107.14085937500022,120.81566406250022
2025-02-21 20:21:59.999,2643.03,2756.3809,2763.435,2760.76,2770.0557,2754.122,113.3508593749998,127.0256640624998
2025-02-21 20:22:59.999,2639.71,2756.3809,2763.435,2760.76,2770.0557,2754.122,116.67085937499996,130.34566406249996
2025-02-21 20:23:59.999,2640.9,2756.6045,2763.9517,2762.1326,2770.1812,2757.7935,115.70449218749991,129.2811523437499
2025-02-21 20:24:59.999,2641.0,2757.3289,2763.9517,2762.5625,2770.1812,2757.7935,116.328857421875,129.18115234375
2025-02-21 20:25:59.999,2640.99,2757.3289,2764.043,2762.5625,2770.1812,2757.7935,116.33885742187522,129.19115234375022
2025-02-21 20:26:59.999,2645.4,2757.3289,2764.043,2762.5625,2770.1812,2757.7935,111.92885742187491,124.78115234374991
2025-02-21 20:27:59.999,2649.12,2757.3289,2763.6284,2762.5625,2770.1812,2757.7935,108.20885742187511,121.06115234375011
2025-02-21 20:28:59.999,2652.04,2757.3289,2763.6284,2762.5625,2770.1812,2757.7935,105.28885742187504,118.14115234375004
2025-02-21 20:29:59.999,2654.09,2757.8833,2763.6284,2762.5625,2770.1812,2757.7935,103.79330078124985,116.09115234374985
2025-02-21 20:30:59.999,2657.96,2757.8833,2763.6064,2762.3755,2770.2468,2757.7935,99.92330078124996,112.28682617187496
2025-02-21 20:31:59.999,2651.58,2757.8833,2763.2632,2762.5625,2770.1812,2764.99,106.30330078125007,118.60115234375007
2025-02-21 20:32:59.999,2657.69,2757.8833,2762.6,2762.5625,2770.1812,2764.9805,100.19330078124995,112.49115234374995
2025-02-21 20:33:59.999,2660.45,2757.6094,2760.4617,2762.2646,2769.347,2764.9805,97.15937500000018,108.89692382812518
2025-02-21 20:34:59.999,2655.31,2757.8833,2761.081,2762.5625,2769.5032,2764.99,102.57330078125005,114.19317382812505
2025-02-21 20:35:59.999,2652.53,2757.8833,2761.081,2762.3755,2769.5688,2764.99,105.3533007812498,117.0388476562498
2025-02-21 20:36:59.999,2651.41,2757.6094,2760.6638,2762.2646,2769.347,2765.153,106.19937500000015,117.93692382812515
2025-02-21 20:37:59.999,2648.51,2757.716,2761.081,2762.3755,2769.5688,2764.99,109.20606445312478,121.05884765624978
2025-02-21 20:38:59.999,2645.71,2757.716,2760.2207,2762.5625,2769.5032,2764.99,112.00606445312496,123.79317382812496
2025-02-21 20:39:59.999,2645.48,2757.716,2760.3174,2762.5625,2769.5032,2764.99,112.23606445312498,124.02317382812498
2025-02-21 20:40:59.999,2644.0,2757.716,2760.3174,2762.5625,2769.5032,2764.99,113.716064453125,125.503173828125
2025-02-21 20:41:59.999,2641.21,2757.6492,2760.1328,2762.5625,2769.5032,2764.99,116.43916992187496,128.29317382812496
2025-02-21 20:42:59.999,2637.6,2757.6492,2760.0361,2762.5625,2769.5032,2764.99,120.04916992187509,131.9031738281251
2025-02-21 20:43:59.999,2647.71,2757.427,2760.1328,2762.726,2769.5032,2764.99,109.71700195312496,121.79317382812496
2025-02-21 20:44:59.999,2648.24,2757.427,2760.1328,2762.726,2769.5032,2765.9155,109.18700195312522,121.26317382812522
2025-02-21 20:45:59.999,2644.88,2757.427,2759.7295,2762.625,2769.5032,2764.99,112.54700195312489,124.62317382812489
2025-02-21 20:46:59.999,2647.72,2757.427,2759.7295,2761.7437,2769.5032,2764.99,109.7070019531252,121.7831738281252
2025-02-21 20:47:59.999,2648.11,2757.427,2759.7295,2761.7437,2769.3591,2764.99,109.31700195312487,121.24913085937487
2025-02-21 20:48:59.999,2642.92,2756.8718,2759.7295,2761.2131,2769.4248,2764.99,113.95182617187493,126.50480468749993
2025-02-21 20:49:59.999,2641.04,2756.636,2759.4497,2760.413,2769.3591,2764.99,115.59598632812504,128.31913085937504
2025-02-21 20:50:59.999,2638.86,2756.636,2759.4497,2760.3557,2769.4248,2764.99,117.77598632812487,130.56480468749987
2025-02-21 20:51:59.999,2637.93,2756.3335,2759.4497,2760.3557,2769.4248,2764.99,118.40349609375016,131.49480468750016
2025-02-21 20:52:59.999,2633.02,2755.9836,2759.5552,2760.413,2769.2144,2764.99,122.96364257812502,136.19435546875002
2025-02-21 20:53:59.999,2631.98,2755.9836,2759.4385,2760.413,2769.2144,2764.99,124.00364257812498,137.23435546874998
2025-02-21 20:54:59.999,2635.34,2755.9836,2759.4385,2760.413,2769.2144,2764.99,120.64364257812485,133.87435546874985
2025-02-21 20:55:59.999,2633.26,2756.054,2759.4385,2760.413,2769.2144,2764.99,122.79395507812478,135.95435546874978
2025-02-21 20:56:59.999,2629.11,2756.054,2759.4385,2760.413,2769.2144,2764.99,126.94395507812487,140.10435546874987
2025-02-21 20:57:59.999,2630.55,2755.355,2759.2617,2760.413,2769.2144,2764.99,124.80498046874982,138.66435546874982
2025-02-21 20:58:59.999,2628.14,2755.1458,2759.1047,2760.2449,2769.012,2765.153,127.00575195312513,140.87196289062513
2025-02-21 20:59:59.999,2633.6,2754.9573,2759.4202,2757.4678,2767.5842,2765.153,121.35727539062509,133.9842285156251
2025-02-21 21:00:59.999,2639.11,2751.0215,2753.8562,2753.1785,2764.2578,2762.0496,111.91148437499987,125.14781249999987
2025-02-21 21:01:59.999,2637.21,2752.4534,2755.5935,2753.9712,2764.519,2761.8865,115.24336914062496,127.30904296874996
2025-02-21 21:02:59.999,2644.7,2752.7778,2755.7507,2754.7654,2764.519,2761.8865,108.07783203125018,119.81904296875018
2025-02-21 21:03:59.999,2641.65,2752.872,2756.381,2754.7654,2764.519,2761.8865,111.22207031249991,122.86904296874991
2025-02-21 21:04:59.999,2645.27,2753.1455,2756.1462,2754.7654,2764.519,2761.8865,107.87550781250002,119.24904296875002
2025-02-21 21:05:59.999,2642.1,2753.1455,2755.7402,2754.7654,2764.519,2761.8865,111.04550781250009,122.41904296875009
2025-02-21 21:06:59.999,2644.5,2753.1455,2754.9731,2754.7654,2764.519,2761.8865,108.6455078125,120.01904296875
2025-02-21 21:07:59.999,2640.92,2753.1455,2754.9731,2754.7654,2764.519,2761.8865,112.22550781249993,123.59904296874993
2025-02-21 21:08:59.999,2639.91,2753.1455,2752.1719,2752.6152,2764.2578,2761.8865,113.23550781250015,124.34781250000015
2025-02-21 21:09:59.999,2634.93,2753.1455,2751.5574,2752.6152,2764.519,2761.8865,118.21550781250016,129.58904296875016
2025-02-21 21:10:59.999,2632.47,2752.958,2751.7349,2753.192,2764.2578,2761.877,120.4880078125002,131.7878125000002
2025-02-21 21:11:59.999,2635.4,2753.1455,2752.3848,2753.192,2764.2578,2761.8865,117.74550781249991,128.8578124999999
2025-02-21 21:12:59.999,2638.99,2753.1455,2751.6824,2754.4712,2764.519,2761.8865,114.15550781250022,125.52904296875022
2025-02-21 21:13:59.999,2640.27,2753.1455,2751.6824,2754.043,2764.519,2761.8865,112.87550781250002,124.24904296875002
2025-02-21 21:14:59.999,2639.0,2753.1455,2752.51,2754.043,2764.519,2761.8865,114.1455078125,125.51904296875
2025-02-21 21:15:59.999,2638.5,2753.2283,2751.1587,2751.7078,2764.002,2761.8865,114.728271484375,125.501953125
2025-02-21 21:16:59.999,2636.6,2752.4338,2751.2039,2751.458,2764.035,2761.8865,115.83383789062509,127.43491210937509
2025-02-21 21:17:59.999,2631.18,2752.4338,2751.5994,2751.458,2764.035,2761.8865,121.25383789062516,132.85491210937516
2025-02-21 21:18:59.999,2629.91,2752.4338,2751.5994,2751.458,2763.7737,2761.8865,122.52383789062515,133.86368164062515
2025-02-21 21:19:59.999,2634.99,2752.4338,2751.5994,2751.458,2764.035,2761.8865,117.44383789062522,129.04491210937522
2025-02-21 21:20:59.999,2636.79,2750.7778,2751.5994,2751.271,2763.712,2761.8865,113.98783203125004,126.92191406250004
2025-02-21 21:21:59.999,2634.84,2750.7778,2751.5994,2751.458,2764.035,2761.8865,115.93783203124985,129.19491210937485
2025-02-21 21:22:59.999,2632.38,2750.7778,2751.5994,2751.458,2764.035,2761.8865,118.39783203124989,131.6549121093749
2025-02-21 21:23:59.999,2634.69,2751.0015,2752.1162,2752.8306,2763.3162,2761.8865,116.31146484374995,128.62616210937495
2025-02-21 21:24:59.999,2635.4,2751.7258,2752.1162,2753.2605,2763.3162,2761.8865,116.32583007812491,127.91616210937491
2025-02-21 21:25:59.999,2636.09,2751.7258,2752.2075,2753.2605,2763.3162,2761.8865,115.63583007812485,127.22616210937485
2025-02-21 21:26:59.999,2631.5,2751.7258,2752.2075,2753.2605,2763.3162,2761.8865,120.225830078125,131.816162109375
2025-02-21 21:27:59.999,2630.38,2751.7258,2751.5762,2753.2605,2763.3162,2761.8865,121.34583007812489,132.9361621093749
2025-02-21 21:28:59.999,2621.62,2751.7258,2751.5762,2753.2605,2763.3162,2761.8865,130.1058300781251,141.6961621093751
2025-02-21 21:29:59.999,2621.5,2752.2803,2751.9102,2753.2605,2763.3162,2761.8865,130.7802734375,141.816162109375
2025-02-21 21:30:59.999,2618.59,2751.9226,2751.4583,2753.539,2762.7712,2761.8865,133.33260742187485,144.18124023437485
2025-02-21 21:31:59.999,2626.4,2752.2803,2752.0776,2753.0735,2762.9932,2761.8865,125.88027343749991,136.5931640624999
2025-02-21 21:32:59.999,2620.39,2752.2803,2752.0776,2753.2605,2762.9932,2761.877,131.89027343750013,142.60316406250013
2025-02-21 21:33:59.999,2624.99,2751.9226,2751.66,2753.539,2762.7712,2761.877,126.93260742187522,137.78124023437522
2025-02-21 21:34:59.999,2623.51,2752.2803,2752.0776,2753.0735,2762.9932,2761.8865,128.77027343749978,139.48316406249978
2025-02-21 21:35:59.999,2626.7,2752.2803,2752.0776,2753.0735,2762.9932,2761.877,125.58027343750018,136.29316406250018
2025-02-21 21:36:59.999,2629.99,2751.9226,2751.66,2753.539,2762.7712,2762.0496,121.93260742187522,132.78124023437522
2025-02-21 21:37:59.999,2632.21,2750.526,2751.6736,2753.65,2762.9932,2761.8865,118.31587890624996,130.78316406249996
2025-02-21 21:38:59.999,2631.89,2752.113,2750.6323,2753.2605,2763.3162,2761.8865,120.22303710937513,131.42616210937513
2025-02-21 21:39:59.999,2628.03,2752.113,2750.6323,2753.2605,2763.3162,2761.8865,124.0830371093748,135.2861621093748
2025-02-21 21:40:59.999,2625.4,2752.113,2750.6323,2753.2605,2763.3162,2761.8865,126.71303710937491,137.9161621093749
2025-02-21 21:41:59.999,2626.14,2752.0461,2750.4478,2753.2605,2763.3162,2761.8865,125.90614257812513,137.17616210937513
2025-02-21 21:42:59.999,2626.13,2752.0461,2750.4478,2753.2605,2763.3162,2761.8865,125.91614257812489,137.1861621093749
2025-02-21 21:43:59.999,2623.81,2751.824,2750.4478,2751.7012,2763.3162,2761.8865,128.01397460937505,139.50616210937505
2025-02-21 21:44:59.999,2625.0,2751.824,2750.4478,2749.6704,2763.3162,2761.8865,126.823974609375,138.316162109375
2025-02-21 21:45:59.999,2634.21,2751.824,2747.8804,2749.5693,2762.4285,2761.8865,117.61397460937496,128.21846679687496
2025-02-21 21:46:59.999,2633.12,2751.824,2747.8804,2749.5945,2762.4285,2761.8865,118.70397460937511,129.3084667968751
2025-02-21 21:47:59.999,2635.32,2751.824,2747.8804,2749.5945,2762.2844,2761.8865,116.50397460937484,126.96442382812484
2025-02-21 21:48:59.999,2632.31,2751.2688,2747.8804,2749.064,2762.2844,2761.8865,118.95879882812505,129.97442382812505
2025-02-21 21:49:59.999,2635.0,2751.033,2747.3677,2748.264,2762.2844,2761.8865,116.032958984375,127.284423828125
2025-02-21 21:50:59.999,2639.21,2751.033,2747.3677,2748.264,2762.1396,2761.8865,111.82295898437496,122.92964843749996
2025-02-21 21:51:59.999,2641.4,2750.7305,2747.3677,2748.264,2762.1396,2761.8865,109.33046874999991,120.73964843749991
2025-02-21 21:52:59.999,2639.24,2750.3806,2746.7495,2748.264,2762.1396,2761.8865,111.14061523437522,122.89964843750022
2025-02-21 21:53:59.999,2642.0,2750.3806,2746.6328,2748.264,2762.1396,2762.812,108.380615234375,120.1396484375
2025-02-21 21:54:59.999,2641.8,2750.3806,2746.6328,2748.264,2762.1396,2762.812,108.58061523437482,120.33964843749982
2025-02-21 21:55:59.999,2636.6,2750.451,2746.6328,2748.264,2762.1396,2762.812,113.85092773437509,125.53964843750009
2025-02-21 21:56:59.999,2640.1,2750.451,2746.6328,2748.264,2762.1396,2762.812,110.35092773437509,122.03964843750009
2025-02-21 21:57:59.999,2642.89,2749.752,2746.456,2748.264,2762.1396,2761.8865,106.86195312500013,119.24964843750013
2025-02-21 21:58:59.999,2642.21,2749.752,2746.293,2748.264,2762.1396,2761.8865,107.54195312499996,119.92964843749996
2025-02-21 21:59:59.999,2642.6,2749.2344,2745.579,2749.4436,2761.9373,2761.8865,106.63437500000009,119.33725585937509
2025-02-21 22:00:59.999,2640.83,2748.4077,2744.5925,2745.2124,2759.4375,2760.9468,107.57771484375007,118.60750000000007
2025-02-21 22:01:59.999,2640.18,2749.2974,2745.16,2746.0051,2759.6987,2760.7964,109.11736328125016,119.51873046875016
2025-02-21 22:02:59.999,2641.81,2749.1057,2745.3171,2746.7993,2759.6987,2760.7964,107.29571289062505,117.88873046875005
2025-02-21 22:03:59.999,2640.69,2749.2,2746.4387,2746.7993,2759.6987,2760.7964,108.50995117187495,119.00873046874995
2025-02-21 22:04:59.999,2639.91,2748.6575,2746.2039,2746.7993,2759.6987,2760.7964,108.74747070312515,119.78873046875015
2025-02-21 22:05:59.999,2637.24,2748.6575,2747.6287,2746.7993,2759.6987,2761.722,111.41747070312522,122.45873046875022
2025-02-21 22:06:59.999,2635.89,2748.6575,2747.203,2746.7993,2759.6987,2760.7964,112.76747070312513,123.80873046875013
2025-02-21 22:07:59.999,2637.99,2748.6575,2747.203,2746.7993,2759.6987,2760.7964,110.66747070312522,121.70873046875022
2025-02-21 22:08:59.999,2640.06,2748.6575,2746.508,2746.7993,2759.6987,2760.7964,108.59747070312505,119.63873046875005
2025-02-21 22:09:59.999,2639.71,2748.6575,2747.343,2746.7993,2759.6987,2760.7964,108.94747070312496,119.98873046874996
2025-02-21 22:10:59.999,2636.2,2748.6575,2747.343,2746.7993,2759.6987,2760.7964,112.45747070312518,123.49873046875018
2025-02-21 22:11:59.999,2636.8,2748.6575,2747.3242,2746.5051,2759.6987,2760.7964,111.85747070312482,122.89873046874982
2025-02-21 22:12:59.999,2639.2,2748.6575,2747.3242,2746.5051,2759.6987,2761.722,109.45747070312518,120.49873046875018
2025-02-21 22:13:59.999,2639.18,2748.6575,2747.3242,2746.5051,2759.6987,2761.722,109.47747070312516,120.51873046875016
2025-02-21 22:14:59.999,2638.0,2748.5027,2746.9563,2746.5051,2757.5317,2760.7964,110.502685546875,119.53173828125
2025-02-21 22:15:59.999,2639.1,2748.7402,2745.973,2744.493,2759.1816,2760.7964,109.64023437500009,120.08164062500009
2025-02-21 22:16:59.999,2641.34,2747.9458,2746.018,2743.9202,2759.2146,2760.7964,106.60580078124985,117.87459960937485
2025-02-21 22:17:59.999,2640.39,2747.9458,2746.018,2743.9202,2759.2446,2760.7964,107.55580078125013,118.85462890625013
2025-02-21 22:18:59.999,2641.39,2747.9458,2746.018,2743.9202,2759.2446,2760.7964,106.55580078125013,117.85462890625013
2025-02-21 22:19:59.999,2642.78,2747.9458,2746.018,2743.9202,2759.2446,2760.7964,105.1658007812498,116.4646289062498
2025-02-21 22:20:59.999,2641.62,2749.0393,2746.018,2743.9202,2759.2446,2760.7964,107.41930664062511,117.62462890625011
2025-02-21 22:21:59.999,2647.8,2749.0393,2746.018,2743.9202,2759.2446,2760.7964,101.23930664062482,111.44462890624982
2025-02-21 22:22:59.999,2650.15,2749.0393,2746.018,2743.9202,2759.2446,2760.7964,98.88930664062491,109.09462890624991
2025-02-21 22:23:59.999,2652.02,2749.263,2746.5347,2745.2927,2759.37,2760.7964,97.24293945312502,107.35011718750002
2025-02-21 22:24:59.999,2652.27,2749.9873,2746.5347,2745.7227,2759.37,2760.7964,97.71730468750002,107.10011718750002
2025-02-21 22:25:59.999,2654.33,2749.9873,2746.626,2745.7227,2759.37,2760.7964,95.65730468750007,105.04011718750007
2025-02-21 22:26:59.999,2657.75,2749.9873,2746.626,2745.7227,2759.37,2760.7964,92.2373046875,101.6201171875
2025-02-21 22:27:59.999,2663.25,2749.9873,2746.626,2745.7227,2759.37,2760.7964,86.7373046875,96.1201171875
2025-02-21 22:28:59.999,2662.01,2749.9873,2746.855,2745.7227,2759.37,2760.7964,87.97730468749978,97.36011718749978
2025-02-21 22:29:59.999,2657.32,2749.8325,2746.7246,2745.7227,2757.487,2760.7964,92.51251953124984,100.16706054687484
2025-02-21 22:30:59.999,2653.48,2749.9873,2747.3564,2745.7227,2759.654,2760.7964,96.50730468749998,106.17405273437498
2025-02-21 22:31:59.999,2649.51,2749.9873,2747.2598,2745.7227,2760.2441,2760.7964,100.47730468749978,110.73414062499978
2025-02-21 22:32:59.999,2643.68,2749.9873,2747.2598,2745.7227,2760.2441,2760.7964,106.30730468750016,116.56414062500016
2025-02-21 22:33:59.999,2645.23,2749.0586,2747.3564,2746.5442,2760.2039,2760.7964,103.82859374999998,114.97385742187498
2025-02-21 22:34:59.999,2640.38,2749.0586,2747.2598,2746.8655,2760.5269,2760.7964,108.67859374999989,120.14685546874989
2025-02-21 22:35:59.999,2637.01,2749.0586,2747.3564,2746.8655,2760.5269,2760.7964,112.04859374999978,123.51685546874978
2025-02-21 22:36:59.999,2639.19,2749.0586,2747.3564,2746.6785,2760.2039,2760.9468,109.86859374999995,121.01385742187495
2025-02-21 22:37:59.999,2634.39,2748.8914,2747.3564,2746.8655,2760.5269,2760.7964,114.50135742187513,126.13685546875013
2025-02-21 22:38:59.999,2634.47,2749.0022,2746.9565,2747.2393,2759.0996,2761.722,114.5321972656252,124.6296093750002
2025-02-21 22:39:59.999,2636.86,2749.0022,2746.8464,2747.2393,2759.0996,2761.722,112.14219726562487,122.23960937499987
2025-02-21 22:40:59.999,2636.77,2749.0022,2746.8464,2747.2393,2759.0996,2761.722,112.23219726562502,122.32960937500002
2025-02-21 22:41:59.999,2639.07,2748.9353,2746.9146,2747.12,2759.0996,2761.722,109.86530273437484,120.02960937499984
2025-02-21 22:42:59.999,2641.22,2748.9353,2746.9146,2746.9697,2759.0996,2761.722,107.7153027343752,117.8796093750002
2025-02-21 22:43:59.999,2640.89,2748.7131,2746.9146,2746.4683,2759.0996,2761.722,107.82313476562513,118.20960937500013
2025-02-21 22:44:59.999,2645.77,2748.7131,2746.9146,2746.4683,2759.0996,2761.722,102.94313476562502,113.32960937500002
2025-02-21 22:45:59.999,2643.16,2748.4475,2746.6318,2746.1096,2757.7983,2761.722,105.28750976562515,114.63833984375015
2025-02-21 22:46:59.999,2643.08,2748.4475,2746.8389,2746.1987,2758.538,2761.722,105.36750976562507,115.45808593750007
2025-02-21 22:47:59.999,2645.61,2748.6023,2747.2783,2746.0945,2759.8213,2761.722,102.99229492187487,114.21128906249987
2025-02-21 22:48:59.999,2646.47,2748.047,2747.4707,2745.564,2759.8213,2761.722,101.5771191406252,113.3512890625002
2025-02-21 22:49:59.999,2647.93,2747.8113,2747.0547,2744.764,2759.8213,2761.722,99.88127929687516,111.89128906250016
2025-02-21 22:50:59.999,2646.56,2747.8113,2747.0547,2744.764,2759.4683,2760.7964,101.25127929687505,112.90826171875005
2025-02-21 22:51:59.999,2648.65,2747.5088,2747.0547,2744.764,2759.4683,2760.7964,98.85878906249991,110.81826171874991
2025-02-21 22:52:59.999,2649.09,2747.159,2746.3398,2744.764,2759.4683,2761.722,98.06893554687485,110.37826171874985
2025-02-21 22:53:59.999,2650.27,2747.159,2746.2231,2744.764,2759.4683,2761.722,96.88893554687502,109.19826171875002
2025-02-21 22:54:59.999,2648.71,2747.159,2746.2231,2744.764,2759.4683,2761.722,98.44893554687496,110.75826171874996
2025-02-21 22:55:59.999,2648.0,2747.2292,2746.2231,2744.764,2759.4683,2761.722,99.229248046875,111.46826171875
2025-02-21 22:56:59.999,2649.25,2747.2292,2746.2231,2744.764,2759.4683,2761.722,97.979248046875,110.21826171875
2025-02-21 22:57:59.999,2646.81,2747.2031,2746.3228,2744.764,2759.4683,2761.722,100.39312500000005,112.65826171875005
2025-02-21 22:58:59.999,2645.72,2747.0234,2746.2563,2744.764,2759.4683,2761.722,101.3034375000002,113.7482617187502
2025-02-21 22:59:59.999,2643.54,2746.4194,2746.2625,2745.172,2759.2659,2760.7964,102.87943359375004,115.72586914062504
2025-02-21 23:00:59.999,2642.7,2750.2434,2745.7925,2747.905,2756.6929,2764.3853,107.54340820312518,113.99287109375018
2025-02-21 23:01:59.999,2642.0,2746.0078,2745.2578,2747.493,2755.662,2758.3596,104.0078125,113.662109375
2025-02-21 23:02:59.999,2642.85,2746.5408,2746.879,2749.552,2757.0857,2758.6416,103.69077148437509,114.23569335937509
2025-02-21 23:03:59.999,2643.77,2747.3528,2748.5493,2748.9753,2757.0857,2758.4912,103.58278320312502,113.31569335937502
2025-02-21 23:04:59.999,2641.68,2747.3945,2748.3145,2748.9753,2757.0857,2758.4912,105.71453125000016,115.40569335937516
2025-02-21 23:05:59.999,2638.39,2747.3945,2749.4841,2748.9753,2757.0857,2758.4912,109.00453125000013,118.69569335937513
2025-02-21 23:06:59.999,2636.84,2747.3613,2749.7017,2751.1255,2757.347,2758.4912,110.52132812499985,120.50692382812485
2025-02-21 23:07:59.999,2635.81,2747.3613,2749.7017,2751.1255,2757.347,2758.4912,111.55132812500005,121.53692382812505
2025-02-21 23:08:59.999,2637.67,2747.3945,2750.0117,2751.1255,2757.347,2758.4912,109.72453124999993,119.67692382812493
2025-02-21 23:09:59.999,2635.45,2747.3613,2750.5408,2751.1255,2757.347,2758.4912,111.91132812500018,121.89692382812518
2025-02-21 23:10:59.999,2637.7,2747.2043,2750.5408,2751.1255,2757.347,2758.4912,109.50434570312518,119.64692382812518
2025-02-21 23:11:59.999,2637.19,2747.1711,2750.522,2750.8313,2757.347,2758.4912,109.98114257812495,120.15692382812495
2025-02-21 23:12:59.999,2638.2,2746.7546,2750.522,2750.8313,2757.347,2758.4912,108.55463867187518,119.14692382812518
2025-02-21 23:13:59.999,2639.83,2746.7546,2750.522,2750.8313,2757.347,2758.4912,106.92463867187507,117.51692382812507
2025-02-21 23:14:59.999,2641.28,2746.7546,2750.522,2750.8313,2757.347,2758.4912,105.4746386718748,116.0669238281248
2025-02-21 23:15:59.999,2640.69,2746.8196,2749.1707,2748.819,2756.8298,2758.4912,106.12958007812495,116.13983398437495
2025-02-21 23:16:59.999,2640.04,2746.0251,2749.2158,2748.2463,2756.8628,2758.4912,105.98514648437504,116.82279296875004
2025-02-21 23:17:59.999,2639.0,2746.0251,2750.8518,2748.2463,2757.6538,2758.4912,107.025146484375,118.65380859375
2025-02-21 23:18:59.999,2640.7,2746.2305,2750.8518,2748.2463,2757.6538,2758.9707,105.53046875000018,116.95380859375018
2025-02-21 23:19:59.999,2644.21,2746.6997,2750.8518,2748.2463,2757.6538,2758.9707,102.48970703124996,113.44380859374996
2025-02-21 23:20:59.999,2647.46,2748.5332,2750.8518,2748.2463,2757.6538,2758.9707,101.07320312499996,110.19380859374996
2025-02-21 23:21:59.999,2651.1,2748.5332,2751.8599,2748.2463,2757.6538,2758.9707,97.43320312500009,106.55380859375009
2025-02-21 23:22:59.999,2649.25,2748.5664,2751.8599,2748.0593,2757.3308,2758.9707,99.31640625,108.080810546875
2025-02-21 23:23:59.999,2650.32,2748.79,2752.3765,2749.619,2757.7793,2758.9707,98.47003906249984,107.45929687499984
2025-02-21 23:24:59.999,2652.27,2749.5144,2753.223,2749.8618,2757.4563,2758.9707,97.24440429687502,105.18629882812502
2025-02-21 23:25:59.999,2653.91,2749.5144,2752.4678,2751.5315,2759.0015,2758.9707,95.60440429687515,105.09146484375015
2025-02-21 23:26:59.999,2653.57,2749.4812,2752.4678,2752.1829,2759.0015,2758.9707,95.91120117187484,105.43146484374984
2025-02-21 23:27:59.999,2652.83,2749.4812,2752.4678,2752.1829,2759.0015,2758.9707,96.65120117187507,106.17146484375007
2025-02-21 23:28:59.999,2655.97,2749.4812,2752.4678,2752.1829,2759.0015,2758.9707,93.5112011718752,103.0314648437502
2025-02-21 23:29:59.999,2656.47,2749.6711,2752.96,2752.1829,2759.4285,2758.9707,93.2011425781252,102.9584667968752
2025-02-21 23:30:59.999,2658.8,2749.7043,2753.441,2752.1829,2759.4285,2758.9707,90.90434570312482,100.62846679687482
2025-02-21 23:31:59.999,2658.1,2749.6711,2753.3442,2752.1829,2760.0186,2757.6196,91.57114257812509,101.91855468750009
2025-02-21 23:32:59.999,2660.3,2749.6711,2753.3442,2752.1829,2760.0186,2757.6196,89.37114257812482,99.71855468749982
2025-02-21 23:33:59.999,2661.68,2748.7756,2753.441,2751.9958,2759.6956,2757.6196,87.09563476562516,98.01555664062516
2025-02-21 23:34:59.999,2660.75,2748.7424,2753.3442,2752.1829,2760.0186,2757.6196,87.992431640625,99.2685546875
2025-02-21 23:35:59.999,2658.87,2748.7424,2753.441,2752.1829,2760.0186,2757.6196,89.87243164062511,101.14855468750011
2025-02-21 23:36:59.999,2658.19,2748.7756,2753.441,2751.9958,2759.6956,2757.77,90.58563476562495,101.50555664062495
2025-02-21 23:37:59.999,2658.37,2748.7424,2753.441,2752.1829,2760.0186,2757.6196,90.37243164062511,101.64855468750011
2025-02-21 23:38:59.999,2659.75,2748.8533,2752.8484,2752.5566,2759.6233,2758.5452,89.103271484375,99.873291015625
2025-02-21 23:39:59.999,2658.52,2748.8533,2752.7383,2752.5566,2759.6233,2758.5452,90.33327148437502,101.10329101562502
2025-02-21 23:40:59.999,2658.53,2748.8533,2752.7383,2752.5566,2759.6233,2758.5452,90.3232714843748,101.0932910156248
2025-02-21 23:41:59.999,2661.8,2748.016,2752.735,2752.4375,2759.6233,2758.5452,86.21611328124982,97.82329101562482
2025-02-21 23:42:59.999,2663.99,2748.016,2752.9614,2752.287,2759.6233,2758.5452,84.02611328125022,95.63329101562522
2025-02-21 23:43:59.999,2662.01,2747.794,2752.735,2751.7856,2759.6233,2758.5452,85.78394531249978,97.61329101562478
2025-02-21 23:44:59.999,2663.11,2747.794,2752.5933,2751.7856,2759.6233,2758.5452,84.68394531249987,96.51329101562487
2025-02-21 23:45:59.999,2662.32,2747.4976,2752.5615,2751.9014,2759.4634,2758.5452,85.17755859374984,97.14337890624984
2025-02-21 23:46:59.999,2661.01,2747.4976,2752.5615,2752.0552,2759.4634,2758.5452,86.48755859374978,98.45337890624978
2025-02-21 23:47:59.999,2661.31,2747.4263,2752.1274,2751.951,2759.519,2758.5452,86.11626953125005,98.20904296875005
2025-02-21 23:48:59.999,2661.51,2746.8513,2752.3545,2751.4204,2758.384,2758.5452,85.34131835937478,96.87403320312478
2025-02-21 23:49:59.999,2658.76,2746.7703,2751.6147,2750.6204,2759.519,2758.5452,88.01026367187478,100.75904296874978
2025-02-21 23:50:59.999,2660.45,2746.7703,2751.7114,2750.6204,2759.3743,2757.6196,86.32026367187518,98.92426757812518
2025-02-21 23:51:59.999,2659.7,2746.313,2751.8564,2750.7246,2758.6255,2757.6196,86.61298828125018,98.92548828125018
2025-02-21 23:52:59.999,2660.45,2746.43,2751.9998,2750.7246,2758.6255,2758.5452,85.97993164062518,98.17548828125018
2025-02-21 23:53:59.999,2659.64,2746.43,2751.883,2750.7246,2758.6255,2758.5452,86.78993164062513,98.98548828125013
2025-02-21 23:54:59.999,2659.94,2746.43,2751.883,2750.7246,2758.6255,2758.5452,86.48993164062495,98.68548828124995
2025-02-21 23:55:59.999,2659.81,2746.5002,2751.883,2750.7246,2758.6255,2758.5452,86.69024414062505,98.81548828125005
2025-02-21 23:56:59.999,2659.23,2746.9429,2751.883,2750.7246,2758.6255,2758.5452,87.71287109374998,99.39548828124998
2025-02-21 23:57:59.999,2659.76,2747.0715,2751.8396,2750.7246,2758.6255,2758.5452,87.31153320312478,98.86548828124978
2025-02-21 23:58:59.999,2662.32,2747.0715,2751.6577,2750.7246,2758.6255,2758.5452,84.75153320312484,96.30548828124984
2025-02-21 23:59:59.999,2663.0,2746.1775,2751.732,2750.563,2759.3938,2757.6196,83.177490234375,96.393798828125
2025-02-22 00:00:59.999,2659.01,2740.564,2739.852,2739.6292,2742.1826,2726.7988,81.55396484374978,83.17261718749978
2025-02-22 00:01:59.999,2654.89,2741.3635,2739.852,2741.6548,2742.7388,2726.7988,86.47352539062513,87.84876953125013
2025-02-22 00:02:59.999,2657.69,2741.686,2740.0532,2741.6548,2742.7388,2726.7988,83.99603515624995,85.04876953124995
2025-02-22 00:03:59.999,2660.16,2741.686,2739.8894,2741.6548,2742.7388,2726.7988,81.52603515625015,82.57876953125015
2025-02-22 00:04:59.999,2656.28,2741.7222,2739.779,2741.6548,2742.7388,2726.7988,85.4421679687498,86.4587695312498
2025-02-22 00:05:59.999,2656.5,2741.7222,2740.166,2741.6548,2742.7388,2726.7988,85.22216796875,86.23876953125
2025-02-22 00:06:59.999,2658.0,2741.7222,2740.166,2741.6548,2742.7388,2726.7988,83.72216796875,84.73876953125
2025-02-22 00:07:59.999,2661.19,2741.7222,2740.166,2741.6548,2742.7388,2726.7988,80.53216796874995,81.54876953124995
2025-02-22 00:08:59.999,2663.71,2741.7222,2740.3958,2741.6548,2742.6436,2726.7988,78.01216796874996,78.93355468749996
2025-02-22 00:09:59.999,2663.29,2741.7222,2739.8215,2741.6548,2742.6436,2726.3215,78.43216796875004,79.35355468750004
2025-02-22 00:10:59.999,2660.01,2741.7222,2739.8215,2741.7878,2742.6436,2726.3215,81.71216796874978,82.63355468749978
2025-02-22 00:11:59.999,2664.0,2741.7222,2739.12,2741.7878,2742.6436,2726.3215,77.72216796875,78.6435546875
2025-02-22 00:12:59.999,2664.87,2741.7222,2738.9622,2741.7878,2742.6436,2725.8516,76.85216796875011,77.77355468750011
2025-02-22 00:13:59.999,2665.7,2741.7222,2738.9622,2741.7878,2742.6436,2725.8516,76.02216796875018,76.94355468750018
2025-02-22 00:14:59.999,2663.11,2741.7222,2738.9622,2741.7878,2742.6436,2725.8516,78.61216796874987,79.53355468749987
2025-02-22 00:15:59.999,2665.54,2741.7222,2739.12,2741.7878,2742.7388,2726.1616,76.18216796875004,77.19876953125004
2025-02-22 00:16:59.999,2666.42,2741.7222,2739.12,2741.7878,2742.7388,2726.4163,75.30216796874993,76.31876953124993
2025-02-22 00:17:59.999,2664.91,2741.7222,2739.12,2741.7878,2742.7388,2726.4163,76.81216796875015,77.82876953125015
2025-02-22 00:18:59.999,2666.46,2741.7222,2739.12,2741.7878,2742.7388,2726.4163,75.26216796874996,76.27876953124996
2025-02-22 00:19:59.999,2666.0,2741.7222,2739.12,2741.7878,2742.7388,2726.4163,75.72216796875,76.73876953125
2025-02-22 00:20:59.999,2666.1,2742.1047,2739.12,2741.1255,2742.7388,2726.4163,76.00473632812509,76.63876953125009
2025-02-22 00:21:59.999,2668.7,2740.9673,2738.7588,2739.381,2741.2434,2726.4163,72.26728515625018,72.54340820312518
2025-02-22 00:22:59.999,2667.06,2740.609,2738.7588,2739.381,2741.2434,2726.4163,73.54888671875005,74.18340820312505
2025-02-22 00:23:59.999,2667.33,2740.609,2738.7588,2739.381,2741.2434,2726.4163,73.27888671875007,73.91340820312507
2025-02-22 00:24:59.999,2667.14,2740.609,2738.5059,2739.381,2741.2434,2726.4163,73.46888671875013,74.10340820312513
2025-02-22 00:25:59.999,2666.83,2740.609,2738.5205,2739.381,2741.2434,2726.4163,73.77888671875007,74.41340820312507
2025-02-22 00:26:59.999,2665.14,2740.609,2738.5205,2739.381,2741.2434,2726.4163,75.46888671875013,76.10340820312513
2025-02-22 00:27:59.999,2665.21,2740.9617,2738.5205,2739.141,2741.5737,2726.6611,75.75166992187496,76.36373046874996
2025-02-22 00:28:59.999,2663.64,2740.9617,2738.5205,2739.141,2741.5737,2726.6611,77.32166992187513,77.93373046875013
2025-02-22 00:29:59.999,2661.4,2740.9617,2738.5205,2739.4443,2741.05,2727.8845,79.56166992187491,79.65004882812491
2025-02-22 00:30:59.999,2660.9,2740.9617,2738.5205,2739.141,2741.5737,2727.8845,80.06166992187491,80.67373046874991
2025-02-22 00:31:59.999,2663.65,2740.9617,2738.5205,2739.141,2741.5737,2727.8845,77.31166992187491,77.92373046874991
2025-02-22 00:32:59.999,2666.22,2740.609,2738.5205,2739.381,2740.8508,2726.6611,74.3888867187502,74.6308300781252
2025-02-22 00:33:59.999,2669.79,2740.9617,2738.5205,2739.141,2741.1812,2726.6611,71.17166992187504,71.39115234375004
2025-02-22 00:34:59.999,2670.55,2740.1685,2738.5627,2738.4712,2740.8508,2726.857,69.61845703124982,70.30083007812482
2025-02-22 00:35:59.999,2674.65,2740.1685,2738.5627,2738.4712,2740.8508,2726.857,65.51845703124991,66.20083007812491
2025-02-22 00:36:59.999,2673.93,2739.486,2738.5627,2737.8528,2740.6658,2726.857,65.55608398437516,66.73577148437516
2025-02-22 00:37:59.999,2674.58,2739.486,2738.5627,2737.8528,2740.6658,2726.857,64.90608398437507,66.08577148437507
2025-02-22 00:38:59.999,2674.27,2738.8945,2738.5627,2737.8528,2740.5706,2727.5288,64.62453125000002,66.30055664062502
2025-02-22 00:39:59.999,2674.0,2738.8945,2738.5627,2737.8528,2740.5706,2728.387,64.89453125,66.570556640625
2025-02-22 00:40:59.999,2674.47,2738.8945,2738.5627,2737.8528,2740.5706,2728.387,64.4245312500002,66.1005566406252
2025-02-22 00:41:59.999,2673.36,2738.8433,2737.986,2737.2986,2740.6658,2728.387,65.48326171874987,67.30577148437487
2025-02-22 00:42:59.999,2675.71,2736.9617,2737.5312,2735.9744,2738.9392,2728.8357,61.251669921874964,63.229208984374964
2025-02-22 00:43:59.999,2676.51,2736.764,2737.5312,2734.5735,2738.5903,2728.8357,60.25391601562478,62.08033203124978
2025-02-22 00:44:59.999,2677.7,2736.764,2737.5413,2734.5735,2738.5903,2728.8357,59.06391601562518,60.89033203125018
2025-02-22 00:45:59.999,2674.53,2736.6602,2737.558,2734.2727,2739.114,2728.8357,62.1301562499998,64.5840136718748
2025-02-22 00:46:59.999,2669.72,2736.764,2737.5413,2734.6406,2738.341,2729.63,67.0439160156252,68.6210644531252
2025-02-22 00:47:59.999,2675.41,2736.764,2737.881,2734.546,2738.5903,2729.63,61.353916015625146,63.180332031250146
2025-02-22 00:48:59.999,2677.76,2736.9336,2737.765,2733.6997,2738.69,2729.63,59.17359374999978,60.92994140624978
2025-02-22 00:49:59.999,2678.01,2736.9336,2737.9277,2733.6997,2738.69,2730.1748,58.92359374999978,60.67994140624978
2025-02-22 00:50:59.999,2678.13,2736.9336,2737.9277,2733.605,2739.463,2730.1748,58.80359374999989,61.33289062499989
2025-02-22 00:51:59.999,2678.01,2736.9336,2737.9277,2733.605,2739.463,2730.7825,58.92359374999978,61.45289062499978
2025-02-22 00:52:59.999,2677.95,2737.2788,2738.3286,2734.3076,2739.073,2730.7825,59.32880859375018,61.12299804687518
2025-02-22 00:53:59.999,2679.15,2737.1294,2738.3193,2734.4023,2738.8237,2730.7825,57.97939453124991,59.67373046874991
2025-02-22 00:54:59.999,2681.25,2737.1294,2738.3193,2734.4023,2738.8237,2730.7825,55.87939453125,57.57373046875
2025-02-22 00:55:59.999,2681.55,2736.4897,2735.5793,2734.1296,2738.3826,2730.7825,54.93974609374982,56.83256835937482
2025-02-22 00:56:59.999,2681.97,2736.4897,2735.2312,2735.248,2738.3826,2730.6445,54.5197460937502,56.4125683593752
2025-02-22 00:57:59.999,2680.41,2736.727,2735.304,2735.248,2738.3826,2730.6445,56.317050781250146,57.972568359375146
2025-02-22 00:58:59.999,2678.46,2736.727,2733.7742,2733.4236,2738.3826,2730.6445,58.267050781249964,59.922568359374964
2025-02-22 00:59:59.999,2678.76,2736.727,2735.151,2735.0303,2738.3826,2730.6445,57.96705078124978,59.62256835937478
2025-02-22 01:00:59.999,2677.8,2734.0007,2736.628,2734.6406,2738.115,2731.0486,56.20073242187482,60.31499023437482
2025-02-22 01:01:59.999,2680.72,2733.6611,2735.321,2734.806,2738.2268,2730.5344,52.9411328125002,57.5068066406252
2025-02-22 01:02:59.999,2677.8,2734.3232,2735.72,2734.0884,2737.281,2731.0486,56.52324218749982,59.48100585937482
2025-02-22 01:03:59.999,2681.71,2734.3232,2736.6653,2734.0884,2737.3762,2731.0486,52.613242187499964,55.666220703124964
2025-02-22 01:04:59.999,2681.92,2734.3594,2736.555,2734.0884,2737.3762,2731.0486,52.43937499999993,55.45622070312493
2025-02-22 01:05:59.999,2683.61,2734.3594,2737.3306,2734.0908,2737.281,2731.0486,50.74937499999987,53.67100585937487
2025-02-22 01:06:59.999,2686.46,2734.3594,2737.3306,2734.0908,2737.281,2731.0486,47.899374999999964,50.821005859374964
2025-02-22 01:07:59.999,2684.43,2734.3594,2737.3306,2734.0908,2737.281,2731.0486,49.929375000000164,52.851005859375164
2025-02-22 01:08:59.999,2686.1,2734.0198,2737.3306,2734.0908,2737.488,2730.5344,47.91977539062509,51.38803710937509
2025-02-22 01:09:59.999,2683.08,2734.0198,2736.9436,2734.0908,2737.488,2730.5344,50.93977539062507,54.40803710937507
2025-02-22 01:10:59.999,2683.1,2734.0198,2736.9436,2734.0908,2737.488,2730.5344,50.91977539062509,54.38803710937509
2025-02-22 01:11:59.999,2685.42,2734.0198,2737.3022,2734.0908,2737.488,2730.5344,48.59977539062493,52.06803710937493
2025-02-22 01:12:59.999,2685.4,2734.0198,2737.1443,2734.0908,2737.488,2730.5344,48.61977539062491,52.08803710937491
2025-02-22 01:13:59.999,2685.49,2734.0198,2737.1443,2734.0908,2737.488,2730.5344,48.52977539062522,51.99803710937522
2025-02-22 01:14:59.999,2686.24,2734.0198,2737.1443,2734.0908,2736.3333,2731.2869,47.77977539062522,50.09325195312522
2025-02-22 01:15:59.999,2683.59,2734.3594,2737.3293,2734.2795,2737.3762,2732.3203,50.769374999999854,53.786220703124854
2025-02-22 01:16:59.999,2683.33,2734.3594,2737.3293,2734.2795,2737.3762,2732.3657,51.02937500000007,54.04622070312507
2025-02-22 01:17:59.999,2682.29,2734.492,2737.3293,2734.2795,2737.3762,2732.3657,52.201943359375036,55.086220703125036
2025-02-22 01:18:59.999,2684.8,2734.1523,2737.3293,2734.2795,2737.488,2732.3657,49.35234374999982,52.68803710937482
2025-02-22 01:19:59.999,2684.24,2734.1523,2737.3293,2734.2795,2737.488,2732.3657,49.91234375000022,53.24803710937522
2025-02-22 01:20:59.999,2682.1,2734.2908,2737.3293,2734.2795,2737.488,2732.3657,52.19077148437509,55.38803710937509
2025-02-22 01:21:59.999,2681.51,2734.777,2737.3293,2734.6597,2737.281,2732.3657,53.26709960937478,55.77100585937478
2025-02-22 01:22:59.999,2681.76,2734.2908,2737.3293,2734.6597,2737.281,2732.3657,52.53077148437478,55.52100585937478
2025-02-22 01:23:59.999,2684.89,2734.8745,2737.3293,2734.6597,2737.281,2732.3657,49.98451171875013,52.39100585937513
2025-02-22 01:24:59.999,2683.66,2734.2908,2737.297,2734.6597,2737.488,2731.8516,50.630771484375146,53.828037109375146
2025-02-22 01:25:59.999,2684.0,2734.2908,2737.3723,2734.6597,2737.488,2731.8516,50.290771484375,53.488037109375
2025-02-22 01:26:59.999,2683.91,2734.2908,2737.3723,2735.644,2737.488,2731.8516,50.380771484375146,53.578037109375146
2025-02-22 01:27:59.999,2682.5,2734.2908,2737.3723,2735.644,2737.488,2732.0964,51.790771484375,54.988037109375
2025-02-22 01:28:59.999,2682.72,2734.543,2737.3723,2735.644,2737.488,2731.9585,51.8229687500002,54.7680371093752
2025-02-22 01:29:59.999,2681.75,2734.543,2737.3723,2735.644,2737.142,2731.9585,52.79296875,55.39208984375
2025-02-22 01:30:59.999,2679.41,2735.1267,2737.5303,2735.644,2737.3762,2732.6106,55.716708984375146,57.966220703125146
2025-02-22 01:31:59.999,2678.82,2735.1267,2737.5303,2735.644,2737.3762,2732.6106,56.306708984374836,58.556220703124836
2025-02-22 01:32:59.999,2680.38,2735.1267,2737.5303,2735.644,2739.5964,2732.6106,54.74670898437489,59.21643554687489
2025-02-22 01:33:59.999,2682.2,2736.7073,2737.5303,2736.478,2739.1729,2732.6106,54.50727539062518,56.97285156250018
2025-02-22 01:34:59.999,2682.38,2736.9756,2737.4146,2737.3584,2739.5012,2732.2922,54.59558593749989,57.12122070312489
2025-02-22 01:35:59.999,2683.42,2737.7532,2737.5725,2737.3584,2739.5012,2732.2922,54.33317382812493,56.08122070312493
2025-02-22 01:36:59.999,2683.9,2738.337,2737.5725,2737.3584,2740.4905,2732.8064,54.43691406249991,56.59047851562491
2025-02-22 01:37:59.999,2685.28,2737.7532,2737.4146,2737.3584,2740.3953,2732.8064,52.4731738281248,55.1152636718748
2025-02-22 01:38:59.999,2686.07,2739.1418,2736.8225,2736.818,2740.0493,2732.2922,53.071845703124836,53.979316406249836
2025-02-22 01:39:59.999,2684.72,2739.1418,2736.8225,2736.818,2740.0493,2732.2922,54.4218457031252,55.3293164062502
2025-02-22 01:40:59.999,2682.6,2739.1418,2736.8225,2736.818,2740.0493,2732.2922,56.54184570312509,57.44931640625009
2025-02-22 01:41:59.999,2681.6,2740.0295,2737.9705,2737.5972,2740.3953,2732.2922,58.42954101562509,58.79526367187509
2025-02-22 01:42:59.999,2685.19,2740.0295,2737.9705,2737.983,2740.8696,2732.741,54.839541015624945,55.679628906249945
2025-02-22 01:43:59.999,2685.71,2740.2146,2738.1284,2738.2246,2740.8696,2732.741,54.504599609374964,55.159628906249964
2025-02-22 01:44:59.999,2685.81,2740.2146,2738.1384,2738.2246,2740.8696,2732.741,54.404599609375055,55.059628906250055
2025-02-22 01:45:59.999,2684.43,2740.7983,2738.0803,2738.227,2740.9648,2733.4644,56.368339843750164,56.534843750000164
2025-02-22 01:46:59.999,2684.0,2740.7983,2738.0803,2739.0015,2740.9648,2732.741,56.79833984375,56.96484375
2025-02-22 01:47:59.999,2682.52,2740.7983,2738.4202,2739.6545,2741.779,2733.2551,58.27833984375002,59.25905273437502
2025-02-22 01:48:59.999,2682.41,2740.968,2738.4202,2739.6545,2742.0327,2733.2551,58.558017578125146,59.622714843750146
2025-02-22 01:49:59.999,2683.73,2740.3843,2738.1514,2739.6545,2742.0327,2733.5107,56.65427734374998,58.30271484374998
2025-02-22 01:50:59.999,2682.11,2740.968,2738.583,2739.6545,2742.128,2733.5107,58.85801757812487,60.01792968749987
2025-02-22 01:51:59.999,2683.0,2740.968,2738.583,2739.6545,2742.128,2733.818,57.968017578125,59.1279296875
2025-02-22 01:52:59.999,2681.92,2741.508,2738.984,2739.6545,2742.128,2733.818,59.58805664062493,60.20792968749993
2025-02-22 01:53:59.999,2680.8,2741.8948,2738.9746,2739.6545,2742.128,2733.818,61.09477539062482,61.32792968749982
2025-02-22 01:54:59.999,2681.47,2741.8948,2738.9746,2739.6545,2742.128,2733.818,60.4247753906252,60.6579296875002
2025-02-22 01:55:59.999,2681.56,2741.8948,2738.9746,2739.6545,2742.128,2733.818,60.334775390625055,60.567929687500055
2025-02-22 01:56:59.999,2680.1,2741.8948,2739.437,2739.6545,2742.128,2733.304,61.79477539062509,62.02792968750009
2025-02-22 01:57:59.999,2680.96,2741.9316,2739.4033,2739.6545,2742.128,2733.818,60.971640624999964,61.167929687499964
2025-02-22 01:58:59.999,2682.91,2741.348,2739.0828,2739.6545,2741.6868,2733.166,58.437900390625146,58.776767578125146
2025-02-22 01:59:59.999,2684.05,2741.348,2738.9856,2739.6545,2742.0327,2733.304,57.29790039062482,57.98271484374982
2025-02-22 02:00:59.999,2683.39,2741.889,2738.8135,2740.0525,2741.9768,2731.617,58.49891601562513,58.58680664062513
2025-02-22 02:01:59.999,2682.01,2741.5493,2737.3447,2740.2178,2741.2588,2730.8936,59.53931640624978,59.24878906249978
2025-02-22 02:02:59.999,2680.32,2742.373,2739.0146,2740.2178,2741.9768,2731.4077,62.053046874999836,61.656806640624836
2025-02-22 02:03:59.999,2679.6,2742.4673,2738.8508,2740.066,2741.9768,2731.4077,62.86728515625009,62.37680664062509
2025-02-22 02:04:59.999,2678.88,2742.5034,2738.869,2740.066,2741.9768,2731.4077,63.62341796874989,63.09680664062489
2025-02-22 02:05:59.999,2678.31,2742.5034,2739.6445,2740.2202,2741.9768,2731.4077,64.19341796875005,63.666806640625055
2025-02-22 02:06:59.999,2677.91,2742.5034,2739.6445,2740.2202,2741.9768,2731.4077,64.59341796875015,64.06680664062515
2025-02-22 02:07:59.999,2679.95,2742.5034,2739.6445,2740.2202,2741.9768,2731.4077,62.55341796875018,62.02680664062518
2025-02-22 02:08:59.999,2680.36,2742.5034,2739.6445,2740.2202,2741.9768,2731.4077,62.14341796874987,61.61680664062487
2025-02-22 02:09:59.999,2678.5,2742.5034,2739.4111,2740.2202,2741.9768,2731.4077,64.00341796875,63.476806640625
2025-02-22 02:10:59.999,2679.44,2742.3662,2739.4111,2740.2202,2741.9768,2731.4077,62.926210937499945,62.536806640624945
2025-02-22 02:11:59.999,2680.39,2742.3662,2739.4797,2740.2202,2741.9768,2731.4077,61.97621093750013,61.58680664062513
2025-02-22 02:12:59.999,2679.42,2742.0266,2739.002,2740.2202,2741.2588,2730.8936,62.60661132812493,61.83878906249993
2025-02-22 02:13:59.999,2679.41,2742.0266,2739.002,2740.2202,2741.2588,2730.8936,62.616611328125146,61.848789062500146
2025-02-22 02:14:59.999,2679.3,2742.0266,2739.002,2740.2202,2741.2588,2731.646,62.72661132812482,61.95878906249982
2025-02-22 02:15:59.999,2679.26,2742.5415,2739.9324,2740.236,2741.9329,2732.6794,63.28150390624978,62.67286132812478
2025-02-22 02:16:59.999,2680.28,2742.3662,2739.5068,2739.9885,2741.9768,2732.7249,62.0862109374998,61.6968066406248
2025-02-22 02:17:59.999,2678.41,2742.4988,2739.5068,2739.9885,2741.9768,2732.7249,64.08877929687515,63.566806640625146
2025-02-22 02:18:59.999,2678.15,2742.4988,2739.5068,2739.9885,2741.9768,2732.7249,64.34877929687491,63.82680664062491
2025-02-22 02:19:59.999,2678.52,2742.4988,2739.5068,2739.9885,2741.9768,2732.7249,63.97877929687502,63.45680664062502
2025-02-22 02:20:59.999,2678.39,2742.8813,2739.5068,2739.9885,2741.9768,2732.7249,64.49134765625013,63.58680664062513
2025-02-22 02:21:59.999,2678.11,2742.8813,2739.5068,2740.3687,2741.9768,2732.7249,64.77134765624987,63.86680664062487
2025-02-22 02:22:59.999,2675.8,2742.8813,2739.5068,2740.3687,2741.9768,2732.7249,67.08134765624982,66.17680664062482
2025-02-22 02:23:59.999,2673.86,2742.8813,2739.5068,2740.3687,2741.9768,2732.7249,69.02134765624987,68.11680664062487
2025-02-22 02:24:59.999,2671.19,2742.8813,2739.6326,2740.3687,2741.9768,2732.2107,71.69134765624995,70.78680664062495
2025-02-22 02:25:59.999,2670.64,2742.8813,2739.7078,2740.3687,2741.9768,2732.2107,72.24134765625013,71.33680664062513
2025-02-22 02:26:59.999,2670.04,2742.8813,2739.7078,2739.7544,2741.9768,2732.2107,72.84134765625004,71.93680664062504
2025-02-22 02:27:59.999,2670.82,2742.784,2739.652,2739.7544,2741.2588,2732.4556,71.96393554687484,70.43878906249984
2025-02-22 02:28:59.999,2669.54,2742.2976,2739.388,2739.7544,2741.2588,2732.4556,72.75760742187504,71.71878906250004
2025-02-22 02:29:59.999,2667.79,2742.2976,2739.23,2739.7544,2741.2588,2732.4556,74.50760742187504,73.46878906250004
2025-02-22 02:30:59.999,2667.28,2742.8813,2739.7078,2739.7544,2741.9768,2732.9697,75.6013476562498,74.6968066406248
2025-02-22 02:31:59.999,2668.2,2742.8813,2739.7078,2739.7544,2741.9768,2732.9697,74.68134765625018,73.77680664062518
2025-02-22 02:32:59.999,2671.31,2742.8813,2739.7078,2739.7544,2741.9768,2732.9697,71.57134765625005,70.66680664062505
2025-02-22 02:33:59.999,2671.3,2743.0566,2740.1892,2740.002,2742.4187,2733.179,71.75664062499982,71.11870117187482
2025-02-22 02:34:59.999,2678.99,2742.8813,2739.75,2739.7544,2741.2588,2732.6514,63.89134765625022,62.26878906250022
2025-02-22 02:35:59.999,2678.65,2742.8813,2739.75,2739.7544,2741.9768,2732.6514,64.23134765624991,63.32680664062491
2025-02-22 02:36:59.999,2678.21,2742.8813,2739.75,2739.7544,2741.8757,2733.1655,64.67134765624996,63.665732421874964
2025-02-22 02:37:59.999,2680.13,2742.8813,2739.75,2739.7544,2741.8757,2733.1655,62.75134765624989,61.74573242187489
2025-02-22 02:38:59.999,2680.54,2741.7131,2739.734,2739.4712,2741.8757,2733.1655,61.173134765625036,61.335732421875036
2025-02-22 02:39:59.999,2680.7,2741.7131,2739.734,2739.4712,2741.8757,2733.1655,61.01313476562518,61.17573242187518
2025-02-22 02:40:59.999,2682.81,2741.7131,2739.734,2739.4712,2740.7117,2733.1655,58.903134765625055,57.901669921875055
2025-02-22 02:41:59.999,2683.13,2741.7068,2740.2153,2739.7188,2741.1536,2733.1655,58.57678710937489,58.02356445312489
2025-02-22 02:42:59.999,2683.76,2741.7068,2740.2153,2739.4868,2741.1536,2733.2139,57.94678710937478,57.39356445312478
2025-02-22 02:43:59.999,2684.16,2740.9604,2739.414,2739.481,2740.3376,2732.6997,56.800449218750146,56.177646484375146
2025-02-22 02:44:59.999,2684.48,2740.9604,2739.266,2739.481,2740.3376,2732.6997,56.48044921874998,55.85764648437498
2025-02-22 02:45:59.999,2681.24,2741.5442,2739.6858,2739.4834,2740.7117,2733.2139,60.30418945312522,59.47166992187522
2025-02-22 02:46:59.999,2682.1,2740.9604,2739.208,2739.059,2740.3376,2732.6997,58.86044921875009,58.23764648437509
2025-02-22 02:47:59.999,2680.11,2740.9604,2739.208,2738.7021,2740.3376,2732.6997,60.85044921874987,60.22764648437487
2025-02-22 02:48:59.999,2679.1,2741.3406,2739.6858,2738.9497,2741.0605,2733.5122,62.24057617187509,61.96054687500009
2025-02-22 02:49:59.999,2681.4,2741.3406,2739.8486,2738.7021,2741.0605,2733.4695,59.94057617187491,59.66054687499991
2025-02-22 02:50:59.999,2682.63,2741.5159,2740.2742,2738.9497,2741.1746,2734.0293,58.88586914062489,58.54456054687489
2025-02-22 02:51:59.999,2683.3,2741.5159,2740.2742,2738.9497,2741.1746,2734.3367,58.21586914062482,57.87456054687482
2025-02-22 02:52:59.999,2680.09,2740.5051,2740.2495,2738.9497,2741.1746,2733.986,60.415126953124854,61.084560546874854
2025-02-22 02:53:59.999,2679.37,2740.5051,2740.6658,2738.9497,2741.1746,2734.3367,61.13512695312511,61.80456054687511
2025-02-22 02:54:59.999,2680.07,2740.5051,2740.6658,2738.9497,2741.1746,2734.3367,60.435126953124836,61.104560546874836
2025-02-22 02:55:59.999,2681.21,2740.5051,2740.6658,2738.9497,2741.1746,2734.3367,59.295126953124964,59.964560546874964
2025-02-22 02:56:59.999,2679.72,2740.5051,2740.4714,2738.9497,2741.1746,2733.986,60.7851269531252,61.4545605468752
2025-02-22 02:57:59.999,2681.0,2740.9539,2740.8633,2738.9497,2741.3254,2734.1252,59.953857421875,60.325439453125
2025-02-22 02:58:59.999,2683.49,2740.7786,2740.4517,2738.7021,2741.0605,2733.7769,57.28856445312522,57.57054687500022
2025-02-22 02:59:59.999,2682.74,2740.9539,2740.8772,2738.9497,2741.3254,2734.3367,58.21385742187522,58.58543945312522
2025-02-22 03:00:59.999,2680.78,2745.0803,2743.8242,2743.097,2746.939,2737.2505,64.3003222656248,66.1589648437498
2025-02-22 03:01:59.999,2679.6,2744.402,2742.2349,2742.8708,2745.7258,2735.0703,64.80209960937509,66.12583007812509
2025-02-22 03:02:59.999,2678.89,2745.0737,2742.436,2742.8708,2746.7485,2735.5845,66.18373046875013,67.85853515625013
2025-02-22 03:03:59.999,2678.18,2745.168,2742.7495,2742.8708,2746.7485,2735.5845,66.98796875000016,68.56853515625016
2025-02-22 03:04:59.999,2677.35,2745.204,2742.7676,2742.8708,2746.7485,2735.5845,67.85410156250009,69.39853515625009
2025-02-22 03:05:59.999,2676.0,2745.204,2742.8325,2743.3928,2746.7485,2735.5845,69.2041015625,70.74853515625
2025-02-22 03:06:59.999,2675.69,2745.204,2742.8325,2743.3928,2746.7485,2735.5845,69.51410156249995,71.05853515624995
2025-02-22 03:07:59.999,2675.84,2745.204,2742.8325,2743.3928,2746.7485,2735.5845,69.36410156249985,70.90853515624985
2025-02-22 03:08:59.999,2675.3,2745.204,2742.8325,2743.3928,2746.7485,2735.5845,69.90410156249982,71.44853515624982
2025-02-22 03:09:59.999,2676.19,2745.204,2743.2124,2743.3928,2746.7485,2735.5845,69.01410156249995,70.55853515624995
2025-02-22 03:10:59.999,2675.3,2745.4346,2743.2124,2743.3928,2746.7485,2735.5845,70.13457031249982,71.44853515624982
2025-02-22 03:11:59.999,2673.98,2745.4346,2743.401,2743.3928,2746.7485,2735.5845,71.45457031249998,72.76853515624998
2025-02-22 03:12:59.999,2676.39,2745.247,2743.3435,2743.1772,2745.7258,2735.0703,68.85707031250013,69.33583007812513
2025-02-22 03:13:59.999,2675.53,2745.247,2743.3435,2743.1772,2745.7258,2735.0703,69.7170703124998,70.1958300781248
2025-02-22 03:14:59.999,2676.18,2745.247,2743.3435,2743.1772,2745.7258,2735.8228,69.06707031250016,69.54583007812516
2025-02-22 03:15:59.999,2678.43,2745.6099,2743.428,2743.869,2746.8625,2736.5461,67.17986328125016,68.43254882812516
2025-02-22 03:16:59.999,2679.89,2745.4346,2743.428,2743.6213,2746.7485,2736.337,65.54457031250013,66.85853515625013
2025-02-22 03:17:59.999,2677.4,2745.5671,2743.428,2743.6213,2747.1646,2736.337,68.16713867187491,69.76455078124991
2025-02-22 03:18:59.999,2677.79,2745.5671,2743.428,2743.6213,2747.1646,2736.337,67.77713867187504,69.37455078125004
2025-02-22 03:19:59.999,2678.6,2745.5671,2743.428,2743.6213,2747.4968,2736.337,66.96713867187509,68.89682617187509
2025-02-22 03:20:59.999,2679.4,2745.9497,2743.428,2743.6213,2747.4968,2736.337,66.54970703124991,68.09682617187491
2025-02-22 03:21:59.999,2680.71,2746.125,2743.428,2744.249,2747.6108,2736.337,65.41499999999996,66.90083984374996
2025-02-22 03:22:59.999,2679.13,2745.9497,2743.428,2743.6504,2747.4968,2736.337,66.81970703124989,68.36682617187489
2025-02-22 03:23:59.999,2680.18,2745.9497,2743.428,2743.6504,2747.4968,2736.337,65.76970703125016,67.31682617187516
2025-02-22 03:24:59.999,2679.59,2745.518,2743.4963,2743.5435,2746.474,2735.8228,65.92806640624985,66.88412109374985
2025-02-22 03:25:59.999,2680.44,2745.518,2743.4136,2743.5435,2746.474,2735.8228,65.07806640624995,66.03412109374995
2025-02-22 03:26:59.999,2680.2,2745.518,2743.4136,2743.8015,2746.474,2735.8228,65.31806640625018,66.27412109375018
2025-02-22 03:27:59.999,2679.5,2745.518,2743.4136,2743.8015,2746.474,2735.8228,66.01806640625,66.97412109375
2025-02-22 03:28:59.999,2681.3,2745.518,2743.4136,2743.8015,2746.474,2735.8228,64.21806640624982,65.17412109374982
2025-02-22 03:29:59.999,2679.51,2745.518,2743.4136,2743.8015,2746.474,2735.8228,66.00806640624978,66.96412109374978
2025-02-22 03:30:59.999,2678.2,2745.9497,2743.629,2744.017,2747.4968,2736.337,67.74970703125018,69.29682617187518
2025-02-22 03:31:59.999,2675.4,2745.9497,2743.629,2744.017,2747.4968,2736.337,70.54970703124991,72.09682617187491
2025-02-22 03:32:59.999,2675.93,2745.9497,2743.629,2744.017,2747.4968,2736.337,70.01970703125016,71.56682617187516
2025-02-22 03:33:59.999,2673.5,2746.125,2743.8154,2744.2576,2747.9387,2736.5461,72.625,74.438720703125
2025-02-22 03:34:59.999,2673.11,2745.518,2743.6138,2743.8015,2746.474,2735.8228,72.40806640624987,73.36412109374987
2025-02-22 03:35:59.999,2673.97,2745.518,2743.6138,2743.8015,2746.474,2735.8228,71.5480664062502,72.5041210937502
2025-02-22 03:36:59.999,2675.19,2745.9497,2743.6711,2744.017,2747.3958,2736.337,70.75970703124995,72.20575195312495
2025-02-22 03:37:59.999,2673.11,2745.518,2743.4558,2743.8015,2746.373,2736.337,72.40806640624987,73.26304687499987
2025-02-22 03:38:59.999,2672.51,2745.109,2744.047,2743.5183,2746.373,2735.8228,72.59888671874978,73.86304687499978
2025-02-22 03:39:59.999,2673.58,2745.109,2744.047,2743.5183,2746.373,2735.8228,71.52888671875007,72.79304687500007
2025-02-22 03:40:59.999,2672.88,2745.109,2744.047,2743.5183,2746.1245,2735.8228,72.22888671874989,73.24451171874989
2025-02-22 03:41:59.999,2669.51,2744.9272,2743.682,2743.5183,2746.1245,2735.8228,75.41724609374978,76.61451171874978
2025-02-22 03:42:59.999,2669.0,2744.9272,2743.682,2743.2864,2746.1245,2735.871,75.92724609375,77.12451171875
2025-02-22 03:43:59.999,2671.35,2745.14,2743.8398,2743.3982,2746.1245,2735.871,73.78989257812509,74.77451171875009
2025-02-22 03:44:59.999,2671.9,2745.14,2743.8357,2743.3982,2746.1245,2735.871,73.23989257812491,74.22451171874991
2025-02-22 03:45:59.999,2671.74,2745.5715,2743.835,2743.7666,2746.8032,2736.5945,73.83153320312522,75.06322265625022
2025-02-22 03:46:59.999,2670.11,2745.5715,2743.835,2742.693,2746.8032,2735.871,75.46153320312487,76.69322265624987
2025-02-22 03:47:59.999,2669.69,2745.5715,2743.835,2742.693,2746.8032,2736.3853,75.88153320312495,77.11322265624995
2025-02-22 03:48:59.999,2669.35,2745.6396,2743.835,2742.693,2746.8032,2736.3853,76.28964843750009,77.45322265625009
2025-02-22 03:49:59.999,2672.06,2745.4521,2743.835,2742.4775,2745.7805,2736.6409,73.39214843750005,73.72051757812505
2025-02-22 03:50:59.999,2673.0,2745.6396,2743.835,2742.693,2746.8032,2736.6409,72.6396484375,73.80322265625
2025-02-22 03:51:59.999,2673.43,2745.6396,2743.835,2742.693,2746.8032,2736.9482,72.20964843750016,73.37322265625016
2025-02-22 03:52:59.999,2673.01,2744.629,2743.835,2742.693,2746.8032,2736.9482,71.61890624999978,73.79322265624978
2025-02-22 03:53:59.999,2674.1,2744.629,2743.8257,2742.693,2746.8032,2736.9482,70.52890625000009,72.70322265625009
2025-02-22 03:54:59.999,2675.72,2744.629,2743.8257,2742.693,2746.8032,2736.9482,68.9089062500002,71.0832226562502
2025-02-22 03:55:59.999,2675.36,2744.629,2743.8257,2742.693,2746.8032,2736.9482,69.26890624999987,71.44322265624987
2025-02-22 03:56:59.999,2673.7,2744.629,2743.8257,2742.693,2746.8032,2736.9482,70.92890625000018,73.10322265625018
2025-02-22 03:57:59.999,2673.5,2744.6128,2743.792,2742.693,2746.8032,2736.9482,71.11279296875,73.30322265625
2025-02-22 03:58:59.999,2673.51,2744.3198,2743.7485,2742.4775,2746.1245,2736.434,70.80982421874978,72.61451171874978
2025-02-22 03:59:59.999,2675.37,2744.6128,2743.806,2742.596,2746.8032,2736.9482,69.24279296875011,71.43322265625011
2025-02-22 04:00:59.999,2673.61,2749.385,2747.092,2745.708,2749.9536,2742.523,75.77500976562487,76.34361328124987
2025-02-22 04:01:59.999,2673.27,2749.1975,2747.4377,2745.5059,2749.0132,2742.0088,75.92750976562502,75.74318359375002
2025-02-22 04:02:59.999,2674.9,2749.8691,2747.6882,2745.7214,2749.9536,2742.523,74.96914062499991,75.05361328124991
2025-02-22 04:03:59.999,2675.7,2749.9634,2747.9275,2745.7214,2749.9536,2742.523,74.26337890625018,74.25361328125018
2025-02-22 04:04:59.999,2676.84,2749.9995,2747.9456,2745.7214,2749.9536,2742.523,73.15951171874985,73.11361328124985
2025-02-22 04:05:59.999,2676.69,2749.9995,2748.276,2745.9001,2750.0784,2742.523,73.30951171874995,73.38836914062495
2025-02-22 04:06:59.999,2674.72,2749.9995,2748.276,2745.9001,2750.0784,2742.523,75.2795117187502,75.3583691406252
2025-02-22 04:07:59.999,2674.68,2749.9995,2748.276,2745.9001,2750.0784,2742.523,75.31951171875016,75.39836914062516
2025-02-22 04:08:59.999,2675.62,2749.812,2748.2202,2745.6846,2749.138,2742.523,74.19201171875011,73.51793945312511
2025-02-22 04:09:59.999,2677.31,2749.812,2748.686,2745.6846,2749.138,2742.523,72.50201171875005,71.82793945312505
2025-02-22 04:10:59.999,2677.43,2750.23,2748.7417,2745.9001,2750.0784,2742.523,72.79998046875016,72.64836914062516
2025-02-22 04:11:59.999,2679.79,2750.23,2748.9302,2745.9001,2750.0784,2742.523,70.43998046875004,70.28836914062504
2025-02-22 04:12:59.999,2680.8,2750.0425,2748.8728,2745.6846,2749.138,2742.0088,69.24248046874982,68.33793945312482
2025-02-22 04:13:59.999,2680.99,2750.0425,2748.8728,2745.6846,2749.138,2742.0088,69.05248046875022,68.14793945312522
2025-02-22 04:14:59.999,2681.26,2750.0425,2748.8728,2745.6846,2749.138,2742.0088,68.78248046874978,67.87793945312478
2025-02-22 04:15:59.999,2678.74,2750.4053,2748.9573,2746.2173,2750.1924,2742.7322,71.66527343750022,71.45238281250022
2025-02-22 04:16:59.999,2680.01,2750.23,2748.9573,2745.9697,2750.0784,2742.523,70.21998046874978,70.06836914062478
2025-02-22 04:17:59.999,2682.64,2750.23,2748.9573,2745.9697,2750.0784,2742.523,67.58998046875013,67.43836914062513
2025-02-22 04:18:59.999,2681.3,2750.23,2748.9573,2745.9697,2750.0784,2742.523,68.92998046874982,68.77836914062482
2025-02-22 04:19:59.999,2679.84,2750.23,2748.9573,2745.9697,2749.921,2742.523,70.38998046874985,70.08089843749985
2025-02-22 04:20:59.999,2680.0,2750.6125,2748.9573,2745.9697,2749.921,2742.523,70.612548828125,69.9208984375
2025-02-22 04:21:59.999,2681.99,2750.7878,2748.9573,2746.2173,2750.035,2742.523,68.79784179687522,68.04491210937522
2025-02-22 04:22:59.999,2684.0,2750.6125,2748.9573,2746.243,2749.921,2742.523,66.612548828125,65.9208984375
2025-02-22 04:23:59.999,2682.69,2750.6125,2748.9573,2746.243,2749.921,2742.523,67.92254882812495,67.23089843749995
2025-02-22 04:24:59.999,2680.86,2750.181,2748.7979,2746.136,2748.9805,2742.0088,69.32090820312487,68.12046874999987
2025-02-22 04:25:59.999,2684.3,2750.181,2748.873,2746.136,2748.9805,2742.0088,65.88090820312482,64.68046874999982
2025-02-22 04:26:59.999,2683.6,2750.181,2748.873,2746.394,2748.9805,2742.0088,66.58090820312509,65.38046875000009
2025-02-22 04:27:59.999,2682.0,2750.181,2748.873,2746.394,2748.9805,2742.0088,68.180908203125,66.98046875
2025-02-22 04:28:59.999,2681.71,2750.181,2748.873,2746.394,2748.9805,2742.0088,68.47090820312496,67.27046874999996
2025-02-22 04:29:59.999,2681.49,2750.181,2748.873,2746.394,2748.9805,2742.0088,68.69090820312522,67.49046875000022
2025-02-22 04:30:59.999,2680.35,2750.6125,2749.0884,2746.6096,2749.921,2742.523,70.26254882812509,69.57089843750009
2025-02-22 04:31:59.999,2682.5,2750.6125,2749.0884,2746.6096,2750.0032,2742.523,68.112548828125,67.503173828125
2025-02-22 04:32:59.999,2682.7,2750.6125,2749.0884,2746.6096,2750.0032,2742.523,67.91254882812518,67.30317382812518
2025-02-22 04:33:59.999,2683.0,2750.7878,2749.275,2746.85,2750.3628,2742.7322,67.787841796875,67.36279296875
2025-02-22 04:34:59.999,2680.26,2750.181,2749.1084,2746.394,2748.9805,2742.0088,69.92090820312478,68.72046874999978
2025-02-22 04:35:59.999,2679.99,2750.181,2749.1084,2746.394,2748.9805,2742.0088,70.19090820312522,68.99046875000022
2025-02-22 04:36:59.999,2682.52,2750.6125,2749.1658,2746.6096,2749.902,2742.523,68.09254882812502,67.38209960937502
2025-02-22 04:37:59.999,2681.7,2750.181,2748.9504,2746.394,2748.8794,2742.523,68.48090820312518,67.17939453125018
2025-02-22 04:38:59.999,2682.47,2751.1687,2749.75,2748.4478,2750.4302,2742.0088,68.6987011718752,67.9601757812502
2025-02-22 04:39:59.999,2681.84,2751.1687,2749.75,2748.4478,2750.9849,2742.0088,69.32870117187485,69.14486328124985
2025-02-22 04:40:59.999,2684.2,2751.1687,2749.75,2748.4478,2750.9849,2742.0088,66.96870117187518,66.78486328125018
2025-02-22 04:41:59.999,2682.5,2751.1394,2749.7908,2748.4478,2750.9849,2742.0088,68.639404296875,68.48486328125
2025-02-22 04:42:59.999,2680.57,2751.1394,2749.7908,2748.6394,2750.9849,2742.0088,70.56940429687484,70.41486328124984
2025-02-22 04:43:59.999,2682.4,2751.3596,2749.9487,2748.6853,2750.9849,2742.0088,68.95961914062491,68.58486328124991
2025-02-22 04:44:59.999,2682.49,2751.6343,2749.9446,2748.6853,2750.9849,2742.0088,69.14427734375022,68.49486328125022
2025-02-22 04:45:59.999,2682.87,2752.066,2749.9438,2749.0537,2752.0076,2743.0828,69.19591796875011,69.13756835937511
2025-02-22 04:46:59.999,2681.0,2752.066,2749.9438,2748.839,2752.0076,2742.0088,71.06591796875,71.007568359375
2025-02-22 04:47:59.999,2682.51,2752.066,2749.8289,2748.839,2752.0076,2742.523,69.55591796874978,69.49756835937478
2025-02-22 04:48:59.999,2681.0,2751.9246,2749.8289,2748.839,2752.0076,2742.523,70.924560546875,71.007568359375
2025-02-22 04:49:59.999,2680.59,2751.6396,2749.7732,2748.6235,2750.9849,2742.415,71.04964843749985,70.39486328124985
2025-02-22 04:50:59.999,2680.83,2751.9246,2749.8289,2748.839,2752.0076,2742.415,71.09456054687507,71.17756835937507
2025-02-22 04:51:59.999,2683.0,2751.9246,2749.8289,2748.839,2752.0076,2742.303,68.924560546875,69.007568359375
2025-02-22 04:52:59.999,2683.27,2750.947,2749.8289,2748.839,2752.0076,2742.303,67.67702148437502,68.73756835937502
2025-02-22 04:53:59.999,2682.1,2750.947,2749.8196,2748.839,2752.0076,2742.303,68.84702148437509,69.90756835937509
2025-02-22 04:54:59.999,2683.7,2750.947,2749.8196,2748.839,2752.0076,2742.303,67.24702148437518,68.30756835937518
2025-02-22 04:55:59.999,2683.17,2750.947,2749.8196,2748.839,2752.0076,2742.303,67.77702148437493,68.83756835937493
2025-02-22 04:56:59.999,2682.6,2750.8198,2749.8196,2748.839,2752.0076,2742.303,68.21982421875009,69.40756835937509
2025-02-22 04:57:59.999,2682.71,2751.327,2749.786,2748.839,2752.0076,2742.303,68.61690429687496,69.29756835937496
2025-02-22 04:58:59.999,2682.29,2750.5107,2749.7424,2748.6235,2750.9849,2741.7888,68.22074218750004,68.69486328125004
2025-02-22 04:59:59.999,2681.23,2750.8284,2749.7998,2748.742,2752.0076,2742.303,69.59836914062498,70.77756835937498
2025-02-22 05:00:59.999,2681.19,2750.3447,2749.1682,2746.8552,2749.7588,2742.5251,69.15472656249995,68.56878906249995
2025-02-22 05:01:59.999,2683.0,2750.3367,2745.3906,2746.1162,2749.7588,2742.5251,67.336669921875,66.7587890625
2025-02-22 05:02:59.999,2681.38,2751.0164,2750.169,2747.0842,2750.7815,2742.663,69.63635742187489,69.40149414062489
2025-02-22 05:03:59.999,2681.18,2751.1106,2750.4082,2747.0842,2750.6992,2742.663,69.93059570312516,69.51921875000016
2025-02-22 05:04:59.999,2680.5,2751.1467,2750.4263,2747.0842,2750.6992,2742.663,70.646728515625,70.19921875
2025-02-22 05:05:59.999,2681.41,2750.9592,2750.276,2747.0474,2749.8835,2742.5251,69.54922851562515,68.47354492187515
2025-02-22 05:06:59.999,2679.61,2750.9592,2750.276,2747.0474,2749.8835,2742.5251,71.34922851562487,70.27354492187487
2025-02-22 05:07:59.999,2679.33,2750.9592,2750.276,2747.0474,2749.8835,2742.5251,71.62922851562507,70.55354492187507
2025-02-22 05:08:59.999,2678.71,2750.9592,2750.0996,2747.0474,2749.8835,2742.5251,72.24922851562496,71.17354492187496
2025-02-22 05:09:59.999,2676.4,2750.9592,2750.6265,2747.0474,2749.8835,2742.5251,74.55922851562491,73.48354492187491
2025-02-22 05:10:59.999,2678.66,2751.3652,2750.8027,2747.0474,2749.8835,2742.5251,72.70523437500015,71.22354492187515
2025-02-22 05:11:59.999,2679.39,2751.3652,2750.9912,2747.0474,2749.8835,2742.5251,71.97523437500013,70.49354492187513
2025-02-22 05:12:59.999,2678.7,2751.3652,2751.1492,2747.0474,2749.8835,2742.5251,72.66523437500018,71.18354492187518
2025-02-22 05:13:59.999,2676.9,2751.3652,2750.9912,2747.0474,2749.8835,2742.5251,74.46523437499991,72.98354492187491
2025-02-22 05:14:59.999,2676.1,2751.3652,2750.9912,2747.0474,2749.8835,2742.5251,75.26523437500009,73.78354492187509
2025-02-22 05:15:59.999,2676.03,2751.728,2751.2336,2747.58,2750.938,2743.1772,75.6980273437498,74.9079882812498
2025-02-22 05:16:59.999,2676.6,2751.5527,2751.2336,2747.3325,2750.824,2743.1772,74.95273437500009,74.22397460937509
2025-02-22 05:17:59.999,2678.47,2751.5527,2751.2336,2747.3325,2750.824,2743.1772,73.0827343750002,72.3539746093752
2025-02-22 05:18:59.999,2677.41,2751.5527,2751.2336,2747.3325,2750.824,2743.1772,74.14273437500015,73.41397460937515
2025-02-22 05:19:59.999,2680.39,2751.5527,2751.2336,2747.3325,2750.824,2743.1772,71.16273437500013,70.43397460937513
2025-02-22 05:20:59.999,2679.51,2751.9353,2751.2336,2747.3325,2750.824,2743.1772,72.42530273437478,71.31397460937478
2025-02-22 05:21:59.999,2679.3,2751.9353,2751.2336,2747.3325,2750.824,2743.1772,72.63530273437482,71.52397460937482
2025-02-22 05:22:59.999,2679.4,2751.5037,2751.1763,2747.3901,2749.8835,2743.1772,72.10366210937491,70.48354492187491
2025-02-22 05:23:59.999,2680.28,2751.5037,2751.1763,2747.3901,2749.8835,2742.663,71.2236621093748,69.6035449218748
2025-02-22 05:24:59.999,2681.4,2751.5037,2751.0742,2747.4988,2750.013,2742.5251,70.10366210937491,68.61293945312491
2025-02-22 05:25:59.999,2682.49,2751.5037,2751.1494,2747.4988,2750.013,2742.5251,69.01366210937522,67.52293945312522
2025-02-22 05:26:59.999,2681.62,2751.5037,2751.1494,2747.7568,2750.013,2742.5251,69.88366210937511,68.39293945312511
2025-02-22 05:27:59.999,2682.87,2751.5037,2751.1494,2747.7568,2750.013,2742.5251,68.63366210937511,67.14293945312511
2025-02-22 05:28:59.999,2682.0,2751.5037,2751.1494,2747.7568,2750.013,2742.5251,69.503662109375,68.012939453125
2025-02-22 05:29:59.999,2682.98,2751.5037,2751.1494,2747.7568,2750.013,2742.663,68.52366210937498,67.03293945312498
2025-02-22 05:30:59.999,2682.52,2751.9353,2751.3647,2747.8752,2750.9534,2743.1772,69.41530273437502,68.43336914062502
2025-02-22 05:31:59.999,2682.42,2751.9353,2751.3647,2747.8752,2750.9534,2743.1772,69.51530273437493,68.53336914062493
2025-02-22 05:32:59.999,2683.7,2751.9353,2751.3647,2747.8752,2750.9534,2743.9915,68.23530273437518,67.25336914062518
2025-02-22 05:33:59.999,2682.98,2752.26,2751.431,2748.213,2751.3953,2744.342,69.28000976562498,68.41526367187498
2025-02-22 05:34:59.999,2683.89,2751.9353,2751.8499,2747.9724,2750.9534,2743.1772,68.04530273437513,67.06336914062513
2025-02-22 05:35:59.999,2683.01,2751.9353,2751.8499,2747.9724,2750.9534,2743.1772,68.92530273437478,67.94336914062478
2025-02-22 05:36:59.999,2682.02,2751.9353,2751.8499,2747.8752,2750.9534,2743.1772,69.91530273437502,68.93336914062502
2025-02-22 05:37:59.999,2682.51,2751.5037,2751.7925,2747.7568,2750.013,2743.1772,68.99366210937478,67.50293945312478
2025-02-22 05:38:59.999,2684.29,2752.869,2752.4749,2749.8105,2752.0322,2742.663,68.57889648437504,67.74222656250004
2025-02-22 05:39:59.999,2685.1,2752.869,2752.4749,2749.8105,2753.1472,2742.663,67.76889648437509,68.04721679687509
2025-02-22 05:40:59.999,2686.95,2753.135,2752.4749,2749.8105,2753.1472,2742.663,66.18500976562518,66.19721679687518
2025-02-22 05:41:59.999,2690.8,2753.2524,2752.6345,2749.8105,2753.1472,2742.663,62.45244140624982,62.34721679687482
2025-02-22 05:42:59.999,2692.1,2753.543,2752.6902,2750.129,2753.1472,2742.663,61.44296875000009,61.04721679687509
2025-02-22 05:43:59.999,2690.5,2753.612,2752.6902,2750.3767,2754.17,2743.1772,63.112060546875,63.669921875
2025-02-22 05:44:59.999,2692.21,2753.612,2752.686,2750.3767,2754.17,2743.1772,61.402060546874964,61.959921874999964
2025-02-22 05:45:59.999,2691.11,2753.6836,2752.9902,2750.6196,2754.6118,2744.0605,62.57359374999987,63.50181640624987
2025-02-22 05:46:59.999,2692.9,2753.612,2752.628,2750.0688,2754.17,2743.1772,60.71206054687491,61.26992187499991
2025-02-22 05:47:59.999,2694.2,2753.612,2752.513,2750.0688,2754.17,2743.9915,59.41206054687518,59.96992187500018
2025-02-22 05:48:59.999,2692.53,2753.4707,2752.513,2750.0688,2754.17,2743.9915,60.9407031249998,61.6399218749998
2025-02-22 05:49:59.999,2692.46,2753.4707,2752.513,2750.0688,2754.17,2743.6743,61.010703124999964,61.709921874999964
2025-02-22 05:50:59.999,2690.62,2753.646,2752.513,2750.3164,2754.284,2744.2341,63.02599609375011,63.66393554687511
2025-02-22 05:51:59.999,2689.44,2753.646,2752.513,2750.3164,2754.284,2744.122,64.20599609374995,64.84393554687495
2025-02-22 05:52:59.999,2690.3,2753.2603,2752.513,2750.3164,2754.17,2743.7715,62.96025390624982,63.86992187499982
2025-02-22 05:53:59.999,2690.11,2753.2603,2752.5037,2750.3164,2754.17,2743.7715,63.15025390624987,64.05992187499987
2025-02-22 05:54:59.999,2690.45,2753.2603,2752.5037,2750.3164,2754.17,2743.7715,62.81025390625018,63.71992187500018
2025-02-22 05:55:59.999,2689.8,2753.2603,2752.5037,2750.3164,2754.17,2743.7715,63.46025390624982,64.36992187499982
2025-02-22 05:56:59.999,2689.6,2753.2603,2752.5037,2750.0688,2754.17,2742.9573,63.66025390625009,64.56992187500009
2025-02-22 05:57:59.999,2689.4,2753.2688,2752.47,2750.0688,2754.17,2742.9573,63.86879882812491,64.76992187499991
2025-02-22 05:58:59.999,2689.32,2753.1953,2752.484,2750.166,2753.1472,2742.443,63.875312499999836,63.827216796874836
2025-02-22 05:59:59.999,2690.68,2753.2688,2752.484,2750.0688,2754.17,2742.443,62.588798828125164,63.489921875000164
2025-02-22 06:00:59.999,2690.59,2756.6438,2755.3486,2752.9824,2756.7415,2746.9539,66.05379882812485,66.15145507812485
2025-02-22 06:01:59.999,2693.26,2756.6438,2755.3486,2752.9958,2756.7415,2746.806,63.38379882812478,63.48145507812478
2025-02-22 06:02:59.999,2693.99,2757.3032,2757.7769,2753.3335,2756.4353,2746.3706,63.31322265625022,62.44530273437522
2025-02-22 06:03:59.999,2692.94,2757.3975,2756.8357,2753.3335,2756.4353,2746.3706,64.45746093749995,63.495302734374945
2025-02-22 06:04:59.999,2694.01,2757.4336,2756.3613,2753.4753,2756.4353,2746.3706,63.42359374999978,62.42530273437478
2025-02-22 06:05:59.999,2693.17,2757.4336,2756.0896,2753.3853,2756.8555,2746.8503,64.26359374999993,63.68546874999993
2025-02-22 06:06:59.999,2690.48,2757.4336,2756.0896,2753.3853,2756.8555,2746.8503,66.95359374999998,66.37546874999998
2025-02-22 06:07:59.999,2687.7,2757.4336,2756.0896,2753.3853,2756.8555,2746.806,69.73359375000018,69.15546875000018
2025-02-22 06:08:59.999,2687.61,2757.2583,2755.959,2753.3853,2756.7415,2746.8503,69.64830078124987,69.13145507812487
2025-02-22 06:09:59.999,2686.51,2757.2583,2756.2217,2753.3853,2756.7415,2746.8503,70.74830078124978,70.23145507812478
2025-02-22 06:10:59.999,2686.78,2757.4336,2756.6938,2753.4753,2756.4353,2746.806,70.6535937499998,69.6553027343748
2025-02-22 06:11:59.999,2688.01,2757.4336,2756.683,2753.4753,2756.4353,2746.806,69.42359374999978,68.42530273437478
2025-02-22 06:12:59.999,2688.91,2757.2583,2756.211,2753.1377,2756.7415,2746.9539,68.34830078125015,67.83145507812515
2025-02-22 06:13:59.999,2689.14,2757.2583,2756.211,2753.1377,2756.7415,2746.9539,68.11830078125013,67.60145507812513
2025-02-22 06:14:59.999,2690.46,2757.2583,2756.211,2753.1377,2756.7415,2746.9539,66.79830078124996,66.28145507812496
2025-02-22 06:15:59.999,2689.73,2757.4336,2757.389,2753.4753,2756.4353,2746.3706,67.70359374999998,66.70530273437498
2025-02-22 06:16:59.999,2689.44,2757.4336,2756.3687,2753.3853,2756.4353,2746.806,67.99359374999995,66.99530273437495
2025-02-22 06:17:59.999,2688.5,2757.4336,2756.3687,2753.3853,2756.4353,2746.806,68.93359375,67.935302734375
2025-02-22 06:18:59.999,2687.51,2757.4336,2756.3687,2753.3853,2756.4353,2746.806,69.92359374999978,68.92530273437478
2025-02-22 06:19:59.999,2688.01,2757.4336,2756.3687,2753.3853,2756.8555,2747.2498,69.42359374999978,68.84546874999978
2025-02-22 06:20:59.999,2688.01,2757.8162,2756.7102,2753.4753,2756.9211,2746.8145,69.80616210937478,68.91114257812478
2025-02-22 06:21:59.999,2687.01,2757.8162,2756.7102,2753.4753,2756.9211,2747.7593,70.80616210937478,69.91114257812478
2025-02-22 06:22:59.999,2686.8,2757.6409,2756.238,2753.1377,2756.7415,2746.755,70.84086914062482,69.94145507812482
2025-02-22 06:23:59.999,2687.69,2757.6409,2756.238,2753.1377,2756.7415,2746.755,69.95086914062495,69.05145507812495
2025-02-22 06:24:59.999,2686.9,2757.4534,2755.9375,2752.922,2755.7188,2746.755,70.55336914062491,68.81874999999991
2025-02-22 06:25:59.999,2686.44,2757.4534,2756.339,2753.1377,2756.0273,2746.755,71.01336914062495,69.58734374999995
2025-02-22 06:26:59.999,2687.79,2757.012,2756.339,2752.4504,2755.7188,2746.755,69.22196289062504,67.92875000000004
2025-02-22 06:27:59.999,2687.6,2757.012,2756.1199,2752.303,2755.3574,2746.755,69.41196289062509,67.75742187500009
2025-02-22 06:28:59.999,2688.11,2757.012,2756.1199,2752.303,2755.3574,2746.755,68.90196289062487,67.24742187499987
2025-02-22 06:29:59.999,2688.45,2757.1995,2756.1199,2752.303,2756.3801,2746.755,68.74946289062518,67.93012695312518
2025-02-22 06:30:59.999,2688.1,2757.3748,2756.2505,2752.5505,2756.4941,2747.7593,69.27475585937509,68.39414062500009
2025-02-22 06:31:59.999,2689.49,2757.3748,2756.2505,2752.6406,2756.5598,2747.7593,67.88475585937522,67.06981445312522
2025-02-22 06:32:59.999,2689.99,2757.3748,2756.2505,2752.6406,2756.5598,2747.324,67.38475585937522,66.56981445312522
2025-02-22 06:33:59.999,2690.9,2757.271,2756.5862,2753.3774,2756.5598,2747.324,66.37099609374991,65.65981445312491
2025-02-22 06:34:59.999,2689.39,2758.45,2757.3057,2754.7373,2757.1875,2747.3599,69.05995117187513,67.79750000000013
2025-02-22 06:35:59.999,2688.39,2758.45,2757.175,2755.4146,2757.8088,2747.3599,70.05995117187513,69.41883789062513
2025-02-22 06:36:59.999,2688.11,2758.45,2757.6472,2755.505,2757.8745,2747.7593,70.33995117187487,69.76451171874987
2025-02-22 06:37:59.999,2687.36,2758.45,2757.175,2755.4146,2757.8088,2747.3599,71.08995117187487,70.44883789062487
2025-02-22 06:38:59.999,2687.0,2759.1138,2757.7583,2755.167,2757.6948,2746.755,72.11376953125,70.69482421875
2025-02-22 06:39:59.999,2687.01,2759.1138,2757.7583,2755.167,2757.6948,2746.755,72.10376953124978,70.68482421874978
2025-02-22 06:40:59.999,2688.45,2759.1138,2757.7583,2755.167,2757.6948,2746.755,70.66376953125018,69.24482421875018
2025-02-22 06:41:59.999,2687.01,2759.0845,2757.7583,2755.167,2757.6948,2747.3599,72.07447265624978,70.68482421874978
2025-02-22 06:42:59.999,2686.31,2759.0845,2757.7583,2755.167,2757.6948,2747.3599,72.77447265625005,71.38482421875005
2025-02-22 06:43:59.999,2685.47,2758.8586,2757.7583,2755.1992,2757.6948,2746.755,73.3886425781252,72.2248242187502
2025-02-22 06:44:59.999,2686.82,2758.8586,2757.7542,2754.981,2757.6948,2746.755,72.03864257812484,70.87482421874984
2025-02-22 06:45:59.999,2687.21,2758.9302,2758.1624,2755.159,2757.8745,2747.324,71.72017578124996,70.66451171874996
2025-02-22 06:46:59.999,2687.04,2758.8586,2757.696,2754.8557,2757.6948,2746.755,71.81864257812504,70.65482421875004
2025-02-22 06:47:59.999,2687.88,2759.034,2757.581,2754.8557,2757.8088,2746.755,71.15393554687489,69.92883789062489
2025-02-22 06:48:59.999,2686.51,2758.8926,2757.581,2754.8557,2757.8088,2746.755,72.38257812499978,71.29883789062478
2025-02-22 06:49:59.999,2686.73,2758.7173,2757.581,2754.6082,2757.6948,2746.755,71.98728515624998,70.96482421874998
2025-02-22 06:50:59.999,2686.2,2758.8926,2757.7117,2754.8557,2757.8745,2747.254,72.69257812500018,71.67451171875018
2025-02-22 06:51:59.999,2685.81,2758.8926,2757.7117,2754.8557,2757.8745,2747.254,73.08257812500005,72.06451171875005
2025-02-22 06:52:59.999,2685.24,2758.6821,2757.7117,2754.8557,2757.664,2747.3599,73.44212890625022,72.42406250000022
2025-02-22 06:53:59.999,2684.8,2758.6821,2757.5718,2754.8557,2757.664,2747.3599,73.88212890624982,72.86406249999982
2025-02-22 06:54:59.999,2685.58,2758.6821,2757.5718,2754.8557,2757.664,2747.3599,73.10212890625007,72.08406250000007
2025-02-22 06:55:59.999,2685.49,2758.6821,2757.5718,2754.8557,2757.664,2747.3599,73.19212890625022,72.17406250000022
2025-02-22 06:56:59.999,2684.55,2758.6821,2757.5718,2754.8557,2757.664,2746.755,74.13212890624982,73.11406249999982
2025-02-22 06:57:59.999,2685.15,2758.6907,2757.538,2754.8557,2757.664,2746.755,73.54067382812491,72.51406249999991
2025-02-22 06:58:59.999,2684.49,2758.6907,2757.552,2754.8557,2757.664,2746.2212,74.20067382812522,73.17406250000022
2025-02-22 06:59:59.999,2684.79,2758.244,2754.8074,2755.5293,2757.2385,2746.8103,73.45389648437504,72.44852539062504
2025-02-22 07:00:59.999,2685.0,2758.11,2758.2954,2758.0967,2754.6138,2746.7944,73.110107421875,69.61376953125
2025-02-22 07:01:59.999,2685.74,2758.0063,2757.8066,2758.11,2754.6138,2746.4993,72.26634765625022,68.87376953125022
2025-02-22 07:02:59.999,2684.5,2758.4038,2758.465,2758.11,2754.6138,2746.6404,73.90380859375,70.11376953125
2025-02-22 07:03:59.999,2688.45,2758.498,2759.8367,2758.11,2754.6138,2746.4678,70.04804687500018,66.16376953125018
2025-02-22 07:04:59.999,2689.44,2758.5342,2760.0217,2758.11,2754.6138,2746.4678,69.09417968749995,65.17376953124995
2025-02-22 07:05:59.999,2691.98,2758.5342,2760.612,2758.11,2754.6138,2746.4678,66.55417968749998,62.63376953124998
2025-02-22 07:06:59.999,2693.09,2758.5342,2760.1418,2758.11,2754.6138,2746.4993,65.44417968749985,61.523769531249854
2025-02-22 07:07:59.999,2694.4,2758.5342,2760.1418,2758.11,2754.6138,2746.4993,64.13417968749991,60.21376953124991
2025-02-22 07:08:59.999,2694.05,2758.5342,2760.5059,2758.11,2754.6138,2746.4993,64.48417968749982,60.56376953124982
2025-02-22 07:09:59.999,2692.5,2758.5342,2760.4497,2758.11,2754.6138,2746.4993,66.0341796875,62.11376953125
2025-02-22 07:10:59.999,2690.6,2758.5342,2760.4272,2758.11,2754.6138,2746.4993,67.93417968750009,64.01376953125009
2025-02-22 07:11:59.999,2690.96,2758.5342,2760.3228,2758.11,2754.6138,2746.4993,67.57417968749996,63.653769531249964
2025-02-22 07:12:59.999,2691.17,2758.638,2760.3542,2758.11,2754.6138,2746.4678,67.46793945312493,63.44376953124993
2025-02-22 07:13:59.999,2692.44,2758.638,2760.0127,2757.1921,2754.5933,2746.4678,66.19793945312495,62.153261718749945
2025-02-22 07:14:59.999,2690.24,2758.638,2760.0127,2757.1921,2754.5933,2746.4678,68.39793945312522,64.35326171875022
2025-02-22 07:15:59.999,2691.31,2758.5342,2760.3499,2758.11,2754.6138,2747.022,67.22417968750005,63.303769531250055
2025-02-22 07:16:59.999,2692.4,2758.5342,2760.3499,2758.11,2754.6138,2747.022,66.13417968749991,62.21376953124991
2025-02-22 07:17:59.999,2693.59,2758.638,2761.06,2758.11,2754.6138,2747.022,65.04793945312485,61.023769531249854
2025-02-22 07:18:59.999,2692.89,2758.638,2761.06,2758.11,2754.6138,2746.6404,65.74793945312513,61.72376953125013
2025-02-22 07:19:59.999,2694.17,2758.638,2760.3813,2758.2874,2755.1057,2746.9116,64.46793945312493,60.93571289062493
2025-02-22 07:20:59.999,2694.78,2758.9167,2760.3499,2758.2874,2755.151,2747.4658,64.1367480468748,60.3708789062498
2025-02-22 07:21:59.999,2693.17,2758.9167,2760.6677,2758.8062,2755.151,2747.9753,65.74674804687493,61.98087890624993
2025-02-22 07:22:59.999,2694.68,2759.9116,2760.3577,2759.753,2755.151,2747.7034,65.23162109375016,60.470878906250164
2025-02-22 07:23:59.999,2693.48,2759.9116,2760.3577,2759.753,2755.151,2747.7034,66.43162109374998,61.67087890624998
2025-02-22 07:24:59.999,2694.2,2759.7363,2759.905,2758.5874,2754.4941,2747.304,65.53632812500018,60.29414062500018
2025-02-22 07:25:59.999,2694.21,2759.7363,2760.0415,2758.5874,2754.4941,2747.304,65.52632812499996,60.284140624999964
2025-02-22 07:26:59.999,2695.3,2759.7363,2760.0415,2758.5874,2754.4941,2746.699,64.43632812499982,59.19414062499982
2025-02-22 07:27:59.999,2692.71,2759.7363,2760.0415,2758.5874,2754.4941,2746.699,67.02632812499996,61.784140624999964
2025-02-22 07:28:59.999,2691.61,2759.7363,2760.0415,2758.5874,2754.4941,2746.699,68.12632812499987,62.88414062499987
2025-02-22 07:29:59.999,2690.23,2759.9116,2760.0415,2758.835,2755.0852,2746.699,69.68162109374998,64.85520507812498
2025-02-22 07:30:59.999,2689.81,2759.9116,2760.8545,2759.753,2755.151,2747.304,70.10162109375005,65.34087890625005
2025-02-22 07:31:59.999,2688.44,2759.9116,2760.8545,2759.753,2755.151,2747.7034,71.47162109374995,66.71087890624995
2025-02-22 07:32:59.999,2688.02,2759.9116,2760.8545,2759.753,2755.151,2747.5938,71.89162109375002,67.13087890625002
2025-02-22 07:33:59.999,2688.0,2759.7566,2761.1992,2759.1746,2755.151,2747.9753,71.756591796875,67.15087890625
2025-02-22 07:34:59.999,2687.82,2759.9116,2760.2249,2758.0964,2755.151,2747.7034,72.09162109374984,67.33087890624984
2025-02-22 07:35:59.999,2688.99,2759.5293,2759.8499,2756.9304,2755.0852,2747.7034,70.53929687500022,66.09520507812522
2025-02-22 07:36:59.999,2691.61,2757.9497,2758.835,2756.5298,2753.6067,2747.7034,66.33970703124987,61.99668945312487
2025-02-22 07:37:59.999,2692.69,2757.7744,2758.3635,2755.6118,2752.95,2747.304,65.08441406249995,60.259951171874945
2025-02-22 07:38:59.999,2692.2,2757.2495,2757.0486,2754.2024,2752.339,2746.699,65.04951171875018,60.13911132812518
2025-02-22 07:39:59.999,2690.99,2757.2495,2757.0486,2754.2024,2752.339,2746.699,66.25951171875022,61.34911132812522
2025-02-22 07:40:59.999,2690.28,2757.2495,2757.0486,2754.2024,2752.339,2746.699,66.9695117187498,62.0591113281248
2025-02-22 07:41:59.999,2690.49,2757.0889,2756.6147,2753.7888,2752.339,2746.699,66.59886718750022,61.84911132812522
2025-02-22 07:42:59.999,2689.71,2757.0889,2756.6147,2753.7888,2752.339,2746.699,67.37886718749996,62.629111328124964
2025-02-22 07:43:59.999,2690.1,2756.9705,2756.6147,2753.821,2752.339,2746.699,66.87045898437509,62.23911132812509
2025-02-22 07:44:59.999,2690.89,2756.9705,2756.6106,2753.821,2752.339,2746.699,66.08045898437513,61.44911132812513
2025-02-22 07:45:59.999,2690.86,2756.9705,2756.5525,2753.8235,2752.339,2747.304,66.11045898437487,61.47911132812487
2025-02-22 07:46:59.999,2690.61,2756.9705,2756.5525,2753.4753,2752.339,2746.699,66.36045898437487,61.72911132812487
2025-02-22 07:47:59.999,2690.68,2756.4556,2756.2095,2752.8826,2752.339,2746.699,65.77556640625016,61.659111328125164
2025-02-22 07:48:59.999,2689.1,2756.3142,2756.2095,2752.8826,2752.1614,2746.699,67.21420898437509,63.06137695312509
2025-02-22 07:49:59.999,2688.73,2756.3142,2756.2095,2752.8826,2752.1614,2746.699,67.58420898437498,63.43137695312498
2025-02-22 07:50:59.999,2688.44,2756.4895,2756.2095,2752.9214,2752.6077,2746.699,68.04950195312495,64.16766601562495
2025-02-22 07:51:59.999,2687.73,2756.4895,2756.2095,2752.9214,2752.4397,2746.699,68.75950195312498,64.70969726562498
2025-02-22 07:52:59.999,2688.01,2755.7056,2756.2095,2752.6738,2751.8486,2747.304,67.69556640624978,63.83863281249978
2025-02-22 07:53:59.999,2687.1,2755.7056,2756.2002,2752.6738,2751.8486,2747.304,68.60556640625009,64.74863281250009
2025-02-22 07:54:59.999,2685.01,2755.7056,2756.2002,2752.6738,2751.8486,2747.304,70.69556640624978,66.83863281249978
2025-02-22 07:55:59.999,2684.71,2755.7056,2756.2002,2752.6738,2751.8486,2747.304,70.99556640624996,67.13863281249996
2025-02-22 07:56:59.999,2684.93,2755.7056,2756.2002,2752.6738,2751.8486,2746.699,70.77556640625016,66.91863281250016
2025-02-22 07:57:59.999,2685.67,2755.714,2756.2322,2752.6738,2751.8486,2746.699,70.04411132812493,66.17863281249993
2025-02-22 07:58:59.999,2684.56,2755.714,2756.246,2752.6738,2751.8486,2746.1653,71.15411132812505,67.28863281250005
2025-02-22 07:59:59.999,2684.56,2755.325,2756.9465,2753.118,2752.4731,2747.9753,70.76495117187505,67.91314453125005
2025-02-22 08:00:59.999,2685.21,2755.157,2754.7927,2753.9377,2751.394,2744.1367,69.94698242187496,66.18404296874996
2025-02-22 08:01:59.999,2686.01,2754.61,2753.8513,2752.952,2749.268,2744.5354,68.60010742187478,63.25806640624978
2025-02-22 08:02:59.999,2685.41,2755.312,2755.6309,2753.9617,2750.7825,2744.5354,69.90201171875015,65.37247070312515
2025-02-22 08:03:59.999,2686.43,2755.5793,2756.0981,2753.9617,2751.0815,2744.5354,69.14934570312516,64.65154296875016
2025-02-22 08:04:59.999,2686.7,2755.6155,2756.1162,2753.9617,2751.0815,2744.5354,68.91547851562518,64.38154296875018
2025-02-22 08:05:59.999,2686.04,2755.6155,2756.4556,2753.9617,2751.0815,2744.5354,69.57547851562504,65.04154296875004
2025-02-22 08:06:59.999,2684.78,2755.6155,2756.4556,2753.9617,2751.0815,2744.432,70.8354785156248,66.3015429687498
2025-02-22 08:07:59.999,2684.69,2755.6155,2756.4556,2753.9617,2751.0815,2744.432,70.92547851562495,66.39154296874995
2025-02-22 08:08:59.999,2684.77,2755.6155,2756.4556,2753.9617,2751.0815,2744.5354,70.84547851562502,66.31154296875002
2025-02-22 08:09:59.999,2685.7,2755.6155,2756.6638,2753.9617,2751.0815,2744.5354,69.91547851562518,65.38154296875018
2025-02-22 08:10:59.999,2686.44,2755.6155,2756.6638,2754.2092,2751.0815,2744.5354,69.17547851562495,64.64154296874995
2025-02-22 08:11:59.999,2684.33,2755.6155,2756.5474,2753.915,2751.0815,2744.5354,71.28547851562507,66.75154296875007
2025-02-22 08:12:59.999,2682.59,2755.6155,2756.5474,2753.6675,2751.0815,2744.5354,73.02547851562485,68.49154296874985
2025-02-22 08:13:59.999,2681.7,2755.6155,2756.5474,2753.6675,2751.0815,2744.5354,73.91547851562518,69.38154296875018
2025-02-22 08:14:59.999,2677.63,2755.6155,2756.5474,2753.6675,2751.0815,2744.5354,77.98547851562489,73.45154296874989
2025-02-22 08:15:59.999,2678.53,2753.847,2754.6357,2751.3005,2749.3655,2744.432,75.3169238281248,70.8354785156248
2025-02-22 08:16:59.999,2680.5,2752.8772,2753.2363,2748.5535,2748.3289,2744.5354,72.377197265625,67.828857421875
2025-02-22 08:17:59.999,2681.47,2752.8772,2753.2363,2748.5535,2748.3289,2744.5354,71.4071972656252,66.8588574218752
2025-02-22 08:18:59.999,2679.86,2752.8772,2753.2363,2748.5535,2748.3289,2744.5354,73.01719726562487,68.46885742187487
2025-02-22 08:19:59.999,2681.26,2752.8772,2753.2363,2748.5535,2748.3289,2744.5354,71.61719726562478,67.06885742187478
2025-02-22 08:20:59.999,2683.16,2753.435,2753.2363,2748.801,2748.92,2744.432,70.27505859375015,65.75992187500015
2025-02-22 08:21:59.999,2681.64,2753.2598,2753.2363,2748.801,2748.3289,2744.3364,71.61976562500013,66.68885742187513
2025-02-22 08:22:59.999,2682.72,2753.2598,2753.2363,2748.5535,2748.3289,2744.3364,70.5397656250002,65.6088574218752
2025-02-22 08:23:59.999,2679.57,2753.4834,2753.719,2749.926,2748.4543,2744.3364,73.91339843749984,68.88434570312484
2025-02-22 08:24:59.999,2679.48,2754.2078,2753.738,2750.356,2748.4543,2744.3364,74.72776367187498,68.97434570312498
2025-02-22 08:25:59.999,2680.89,2754.2078,2753.8743,2750.356,2748.4543,2744.3364,73.31776367187513,67.56434570312513
2025-02-22 08:26:59.999,2680.94,2754.2078,2753.8743,2750.356,2748.4543,2744.3364,73.26776367187495,67.51434570312495
2025-02-22 08:27:59.999,2678.46,2754.2078,2753.8743,2750.356,2748.4543,2744.3364,75.74776367187496,69.99434570312496
2025-02-22 08:28:59.999,2679.92,2754.2078,2753.8743,2750.356,2748.4543,2744.3364,74.28776367187493,68.53434570312493
2025-02-22 08:29:59.999,2680.19,2754.2078,2753.8743,2750.356,2748.4543,2744.3364,74.01776367187495,68.26434570312495
2025-02-22 08:30:59.999,2680.41,2754.383,2753.8743,2750.6035,2749.0454,2744.3364,73.97305664062515,68.63541015625015
2025-02-22 08:31:59.999,2681.11,2754.2078,2753.8743,2750.6035,2748.4543,2744.3364,73.09776367187487,67.34434570312487
2025-02-22 08:32:59.999,2682.16,2754.2078,2753.8743,2750.6035,2748.4543,2745.3408,72.04776367187515,66.29434570312515
2025-02-22 08:33:59.999,2683.7,2754.2793,2754.1692,2751.2236,2748.8892,2745.0586,70.57929687500018,65.18916015625018
2025-02-22 08:34:59.999,2685.08,2754.2078,2753.952,2750.356,2748.4543,2744.9414,69.12776367187507,63.37434570312507
2025-02-22 08:35:59.999,2683.75,2754.2078,2753.952,2750.356,2748.4543,2744.9414,70.457763671875,64.704345703125
2025-02-22 08:36:59.999,2683.59,2754.383,2753.952,2750.6035,2749.0454,2745.3408,70.79305664062485,65.45541015624985
2025-02-22 08:37:59.999,2684.99,2754.2078,2753.952,2750.356,2748.4543,2744.3364,69.21776367187522,63.46434570312522
2025-02-22 08:38:59.999,2685.72,2753.7761,2753.2478,2750.5142,2747.6797,2744.3364,68.0561230468752,61.9596875000002
2025-02-22 08:39:59.999,2685.61,2753.7761,2753.2478,2750.5142,2747.6797,2744.3364,68.16612304687487,62.06968749999987
2025-02-22 08:40:59.999,2685.8,2753.7761,2753.2478,2750.5142,2747.6797,2744.3364,67.97612304687482,61.87968749999982
2025-02-22 08:41:59.999,2685.79,2754.25,2753.8718,2751.2236,2748.8892,2744.3364,68.46000000000004,63.099160156250036
2025-02-22 08:42:59.999,2686.66,2754.1785,2753.779,2750.356,2748.4543,2744.3364,67.51846679687515,61.794345703125146
2025-02-22 08:43:59.999,2687.78,2753.722,2753.6294,2750.2769,2748.2747,2744.3364,65.9419238281248,60.4946582031248
2025-02-22 08:44:59.999,2686.97,2753.722,2753.7747,2750.1726,2747.535,2744.3364,66.7519238281252,60.5649121093752
2025-02-22 08:45:59.999,2686.02,2753.9094,2753.7166,2750.3906,2748.4543,2744.3364,67.88942382812502,62.43434570312502
2025-02-22 08:46:59.999,2687.44,2753.9094,2753.7166,2750.0425,2748.4543,2744.3364,66.46942382812495,61.014345703124945
2025-02-22 08:47:59.999,2687.0,2753.9094,2753.6018,2750.0425,2748.3103,2744.3364,66.909423828125,61.310302734375
2025-02-22 08:48:59.999,2688.25,2753.3542,2753.6018,2749.512,2748.3103,2744.3364,65.104248046875,60.060302734375
2025-02-22 08:49:59.999,2689.79,2753.2937,2753.5603,2748.9595,2748.967,2745.3408,63.503701171875036,59.177041015625036
2025-02-22 08:50:59.999,2690.46,2753.1184,2753.0886,2748.9595,2748.1655,2744.3364,62.658408203124964,57.705527343749964
2025-02-22 08:51:59.999,2689.43,2753.1184,2753.0886,2748.9595,2748.1655,2744.3364,63.688408203125164,58.735527343750164
2025-02-22 08:52:59.999,2689.6,2752.5098,2753.0886,2748.712,2748.1655,2744.3364,62.90976562500009,58.56552734375009
2025-02-22 08:53:59.999,2689.49,2752.5098,2753.0793,2748.712,2748.1655,2744.3364,63.01976562500022,58.67552734375022
2025-02-22 08:54:59.999,2690.09,2752.5098,2753.0793,2748.712,2748.1655,2744.3364,62.419765624999854,58.075527343749854
2025-02-22 08:55:59.999,2690.52,2752.58,2753.0793,2748.712,2748.1655,2744.3364,62.06007812500002,57.64552734375002
2025-02-22 08:56:59.999,2691.0,2752.58,2753.0793,2748.712,2748.1655,2744.3364,61.580078125,57.16552734375
2025-02-22 08:57:59.999,2692.13,2752.5886,2753.1116,2748.712,2748.1655,2744.3364,60.45862304687489,56.03552734374989
2025-02-22 08:58:59.999,2691.9,2752.5886,2753.1252,2748.712,2748.1655,2744.3364,60.68862304687491,56.26552734374991
2025-02-22 08:59:59.999,2691.0,2752.2534,2753.5522,2749.1143,2748.568,2745.3408,61.25341796875,57.568115234375
